comment,label
tuyá»‡t vá»i,positive
Ä‘á»‰nh cao,positive
háº¿t sáº©y,positive
tuyá»‡t háº£o,positive
quÃ¡ cháº¥t,positive
xuáº¥t sáº¯c,positive
ngon lÃ nh,positive
tuyá»‡t cÃº mÃ¨o,positive
mÃª ly,positive
tuyá»‡t Ä‘á»‰nh,positive
Ä‘á»‰nh cá»§a chÃ³p,positive
okela,positive
nhÆ° mÆ¡,positive
nhÆ° Ã½,positive
tuyá»‡t tráº§n,positive
like máº¡nh,positive
Ä‘Ã¡ng yÃªu,positive
yÃªu thÃ­ch,positive
ráº¥t chi lÃ  ok,positive
tuyá»‡t vá»i Ã´ng máº·t trá»i,positive
max Ä‘á»‰nh,positive
siÃªu Ä‘áº¹p,positive
háº¿t Ã½,positive
sá»‘ má»™t,positive
cá»±c pháº©m,positive
mÃ£n nguyá»‡n,positive
háº¡nh phÃºc,positive
vui váº»,positive
sÆ°á»›ng rÆ¡n,positive
lung linh,positive
tháº§n thÃ¡nh,positive
Ä‘á»‰nh kout,positive
bao phÃª,positive
ngon lÃ nh cÃ nh Ä‘Ã o,positive
mÃª Ä‘áº¯m,positive
vá»«a lÃ²ng,positive
Ä‘á»‰nh nháº¥t quáº£ Ä‘áº¥t,positive
cháº¥t phÃ¡t ngáº¥t,positive
tuyá»‡t má»¹,positive
thÄƒng hoa,positive
lÃ m mÆ°a lÃ m giÃ³,positive
hot hit,positive
miá»…n bÃ n,positive
khÃ´ng cÃ³ gÃ¬ Ä‘á»ƒ chÃª,positive
quÃ¡ tuyá»‡t,positive
siÃªu pháº©m,positive
Ä‘á»‰nh cá»§a Ä‘á»‰nh,positive
thiÃªn Ä‘Æ°á»ng,positive
cáº£m Æ¡n nhiá»u,positive
yÃªu láº¯m,positive
tháº­t tuyá»‡t,positive
vui váº»,positive
vui,positive
yum yum,positive
yummi,positive
10Ä‘,positive
hay,positive
Vui,positive
Háº¡nh phÃºc,positive
Tuyá»‡t vá»i,positive
bÃ¬nh thÆ°á»ng,neutral
á»•n,neutral
khÃ´ng cÃ³ Ã½ kiáº¿n,neutral
trung láº­p,neutral
Ä‘Ãºng,neutral
Ä‘Æ°á»£c,neutral
há»£p lÃ½,neutral
tÆ°Æ¡ng Ä‘á»‘i,neutral
cháº¥p nháº­n Ä‘Æ°á»£c,neutral
vá»«a vá»«a,neutral
khÃ´ng tá»‡,neutral
khÃ´ng tá»‘t,neutral
Ä‘á»§,neutral
khÃ´ng sao,neutral
khÃ¡ á»•n,neutral
Ä‘Æ°á»£c rá»“i,neutral
tÃ m táº¡m,neutral
khÃ´ng Ä‘áº·c biá»‡t,neutral
khÃ´ng khÃ¡c biá»‡t,neutral
nhÆ° váº­y,neutral
nhÆ° cÅ©,neutral
vá»«a pháº£i,neutral
khÃ´ng thay Ä‘á»•i,positive
á»•n Ä‘á»‹nh,neutral
bÃ¬nh dá»‹,neutral
nháº¹ nhÃ ng,neutral
khÃ´ng váº¥n Ä‘á»,neutral
khÃ´ng cÃ³ gÃ¬ má»›i,neutral
khÃ´ng ná»•i báº­t,neutral
khÃ´ng cÃ³ gÃ¬ Ä‘áº·c sáº¯c,neutral
khÃ´ng xáº¥u,neutral
khÃ´ng hay,positive
vá»«a Ä‘á»§,neutral
vá»«a Ã½,neutral
trung bÃ¬nh,neutral
Ä‘á»“ng Ã½,neutral
cÃ¢n báº±ng,neutral
khÃ´ng rÃµ rÃ ng,neutral
mid,neutral
vibe,neutral
flex,neutral
glow up,neutral
bet,neutral
cap,neutral
high-key,neutral
low-key,neutral
sus,neutral
tea,neutral
drip,neutral
yeet,neutral
mood,neutral
stan,neutral
simp,neutral
zaddy,neutral
boujee,neutral
fam,neutral
ghost,neutral
bop,neutral
rizz,neutral
finna,neutral
cancel culture,neutral
basic,neutral
salty,neutral
big yikes,neutral
bougie,neutral
bussin,neutral
cap,neutral
high-key,neutral
low-key,neutral
sus,neutral
tea,neutral
drip,neutral
yeet,neutral
mood,neutral
stan,neutral
simp,neutral
zaddy,neutral
boujee,neutral
fam,neutral
ghost,neutral
bop,neutral
rizz,neutral
finna,neutral
cancel culture,neutral
basic,neutral
salty,neutral
big yikes,neutral
bougie,neutral
bussin,neutral
tao,neutral
mÃ y,neutral
gacha,neutral
con cÃ¡,neutral
ghÃ©t,negative
tá»“i tá»‡,negative
kinh khá»§ng,negative
buá»“n,negative
tháº¥t vá»ng,negative
khÃ´ng hÃ i lÃ²ng,negative
phÃ n nÃ n,negative
tá»©c giáº­n,negative
bá»±c bá»™i,negative
chÃ¡n náº£n,negative
khÃ³ chá»‹u,negative
cá»¥c sÃºc,negative
Ä‘iÃªn,negative
dá»Ÿ áº¹c,negative
vÃ´ vá»‹,negative
nháº£m nhÃ­,negative
nháº¡t,negative
khÃ´ng Æ°a,negative
Ä‘Ã¡ng ghÃ©t,negative
tháº¥t báº¡i,negative
vÃ´ vá»ng,negative
cÄƒng tháº³ng,negative
stress,negative
náº£n lÃ²ng,negative
báº¥t lá»±c,negative
khÃ´ng vui,positive
buá»“n chÃ¡n,negative
chÃ¡n,negative
tá»‡ háº¡i,negative
Ä‘áº¯ng,negative
tá»“i,negative
sáº§u,negative
bá»©c xÃºc,negative
khÃ³ Æ°a,negative
má»‡t má»i,negative
khÃ´ng thÃ­ch,negative
phÃ¨n,negative
náº£n,negative
cÄƒm ghÃ©t,negative
phiá»n phá»©c,negative
nhá»©c Ä‘áº§u,negative
khÃ´ng chá»‹u ná»•i,negative
á»©c cháº¿,negative
tiÃªu cá»±c,negative
xáº¥u há»•,negative
tháº¥t vá»ng trÃ n trá»,negative
chÃ¡n Ä‘á»i,negative
phÃ¡ sáº£n,negative
tuyá»‡t vá»ng,negative
tá»¥t mood,neutral
quáº¡o,negative
khÃ³ á»Ÿ,negative
chÃ¡n ngáº¥y,negative
bÃ³ tay,negative
cÃº,negative
Ä‘au khá»•,negative
khÃ³c rÃ²ng,negative
tráº§m cáº£m,negative
cay cÃº,negative
báº§m dáº­p,negative
hÆ° há»ng,negative
chá»‹u Ä‘á»±ng,negative
Ä‘áº§y tiÃªu cá»±c,negative
tá»‘i tÄƒm,negative
láº¡nh lÃ¹ng,negative
bá»±c mÃ¬nh,negative
khÃ´ng chá»‹u Ä‘Æ°á»£c,neutral
ráº§u,negative
Ä‘au lÃ²ng,negative
chÃ¡n náº£n,negative
khÃ´ng cháº¥p nháº­n,negative
khÃ³ qua,negative
Ä‘áº¯ng lÃ²ng,negative
dá»Ÿ,negative
tiÃªu cháº£y,negative
nuwng,negative
toxic,negative
tháº¥t tháº§n,negative
máº¥t phÆ°Æ¡ng hÆ°á»›ng,negative
trá»… deadline,negative
khÃ´ng cháº¥p nháº­n Ä‘Æ°á»£c,neutral
kÃ©m,negative
xáº¥u,negative
tá»¥c tÄ©u,negative
quáº¡o ghÃª,negative
háº­n,negative
Ä‘en tá»‘i,negative
máº¥t há»©ng,negative
áº£o tÆ°á»Ÿng,negative
Ä‘au khá»• tá»™t cÃ¹ng,negative
tiÃªu tan,negative
hÆ° háº¡i,negative
chá»‹u Ä‘áº¯ng cay,negative
chá»c tá»©c,negative
lo láº¯ng,negative
buá»“n bÃ£,negative
bá»±c dá»c,negative
xÃ¬ trÃ©t,negative
chÃ¡n náº£n tá»™t Ä‘á»™,negative
á»©c cháº¿ náº·ng ná»,negative
kÃ©m hiá»‡u quáº£,negative
lÃ¡o,negative
woke,negative
Ä‘iÃªn,negative
cÃ´ áº¥y 10,negative
liemhaihondai,negative
navi,negative
tuá»•i,negative
Buá»“n,negative
ChÃ¡n,negative
GhÃ©t,negative
Háº­n,negative
Khá»•,negative
Lo láº¯ng,negative
Xáº¥u há»•,negative
Tháº¥t vá»ng,negative
Xáº¥u,negative
Tháº¥t báº¡i,negative
Dá»Ÿ,negative
Xáº¥u xÃ­,negative
Ghen ghÃ©t,negative
ThÃ¹ háº­n,negative
CÄƒng tháº³ng,negative
Tuyá»‡t vá»ng,negative
scam,negative
cay,negative
vá» nhÃ  Ä‘i,negative
khá»•,negative
báº¥t hiáº¿u,negative
máº¹ mÃ y,neutral
nigger,toxic
racist,toxic
segg,toxic
ninh gÃ ,toxic
ngu ,toxic
Ä‘á»‹t máº¹,toxic
cá»©t,toxic
gay,toxic
lgbt ,toxic
máº¹ mÃ y bÃ©o,neutral
con chÃ³,toxic
loz,toxic
lÃ¡o,negative
Ä‘m,toxic
vl,toxic
Ä‘Ã©o,toxic
nigga,toxic
non,toxic
ggez,toxic
ez,toxic
cáº·c,toxic
cc,toxic
vcl,toxic
cÃ¡i Ä‘Ã©o,toxic
sÃºc váº­t,toxic
gay,toxic
????,toxic
bÃ©o,toxic
bel,toxic
vÃ£i loz,toxic
Ä‘Ã¡i ,toxic
lol,toxic
loz,toxic
"ThÆ¡ hay má»™c máº¡c giáº£n dá»‹ nhÆ°ng lÃ£ng máº¡n , ráº¥t yÃªu thÆ¡ Ng BÃ­nh",positive
"Tá»« ngÃ y cÃ´ chá»­a vá»›i chá»“ngğŸ˜
Dáº«u cÃ³ Ä‘g gáº§n tÃ´i há»•ng dÃ¡m qua 
Tá»« ngÃ y bÆ°á»Ÿi cháº³ng ra hoa 
Äg qua dáº«u ngáº¯n, cÅ©ng vÃ²ng ra Ä‘g ngoÃ i.",neutral
Linh Chi lÃ¡o nhÃ¡o vl :)),negative
LÃ¡o vÃ´ cÃ¹ng,negative
NÃ³ ghi cap j Ä‘Ã³ má»i ng,neutral
Major g2 vs navi thÃ¬ g2 sáº½ pháº£i  tráº£ giÃ¡ kk,negative
G2 lÃ¡o tháº¿. Cháº¯c bá»‹ navi báº¯t náº¡t 9 tráº­n liÃªn tiáº¿p nÃªn cay,negative
ğŸ˜­ Ä‘m lÃ¡o vá»›i bá»‘ nÃ³ Mai Minh Huy,negative
"Äáº¿n lÃºc vÃ o mÃ¢y dÃ¹ láº¡i ""vui váº­y thÃ´i chá»© bá»‘ báº£o con nÃ y"" ğŸ¤¡",positive
LÃ¡o vl snax cÃ³ lÃ m Ä‘c máº¹ gÃ¬ trong g2 Ä‘Ã¢u toÃ n monesy go kill xong Äƒn Ä‘c giáº£i cÃ¡i lÃ¡o váº­y,negative
LÃ¡o tháº­t,negative
Xong Ä‘áº¿n lÃºc bá»‘ Ä‘iÃªn bá»‘ giÃ£ cho thÃ¬ thÃ¬ Ä‘á»«ng há»i táº¡i saoğŸ—¿,negative
"ÄÃºng tháº±ng con báº¥t hiáº¿u, lÃ¡o thÃ¬ vÃ´ cÃ¹ng",neutral
"Hay cÃ¢u láº¯m bÆ°á»Ÿi nhiá»u hoa,
Äi vÃ²ng á»• gÃ  dáº­p cha nÃ³ rá»“i,
Cá»¥ Ã­t cÃ³ thÃ¢m",positive
cá»© tÆ°á»Ÿng vl 1977,toxic
Tuá»•i tráº» bÃ¢y giá» tÃ¡n gÃ¡i cháº³ng cÃ²n lÃ£ng máº¡n nhÆ° xÆ°a,negative
"láº¥y chá»“ng rá»“i Ä‘á»c bÃ i thÆ¡ nÃ y buá»“n váº©n vÆ¡ vÃ  nhá»› nhÃ , thanh xuÃ¢n mÃ¡ Ä‘Ã o Ä‘Ã£ trÃ´i qua.ğŸ˜¢",negative
"CÃ¡i ngÃ y mÆ¡ Æ°á»›c xa xÃ´i 
Buá»“n giÄƒng dáº©n lá»‘i cho tÃ´i yÃªu nÃ ng 
CÃ¡i ngÃ y cháº³ng  dÃ¡m xá»• sÃ ng 
ThÆ°Æ¡ng nhau chá»‰ dÃ¡m mÆ¡ mÃ ng nhÃ¬n nhau",negative
NgÃ y xÆ°a mÃ¬nh cÅ©ng tháº¿ mÃ  máº¥y khi gáº·p Ä‘Æ°á»£c em. Náº¯ng nÃ´i nhÆ°ng hy vá»ng .,neutral
"Gá»Ÿi Ä‘áº¿n cÃ¡c báº¡n yÃªu thÆ¡ NGUYá»„N BÃNH má»™t chÃºt gá»i lÃ ...
. . . . . . . . . . . . . . . . . . . .
Trá»I mÆ°a Æ°á»›t Ã¡o lÃ m gÃ¬?
NÄƒm mÆ°á»i báº£y tuá»•i chá»‹ Ä‘i láº¥y chá»“ng.
NgÆ°á»i ta phÃ¡o Ä‘á» rÆ°á»£u há»“ng
MÃ  trÃªn há»“n chá»‹ má»™t vÃ²ng hoa tang.
Láº§n Ä‘áº§u chá»‹ bÆ°á»›c sang ngang
Tuá»•i non sÃ´ng nÆ°á»›c Ä‘Ã² giang chÆ°a tÆ°á»ng
á» nhÃ  em nhá»› máº¹ thÆ°Æ¡ng
Ba gian trá»‘ng, má»™t máº£nh vÆ°á»n xÃ¡c xÆ¡.
Máº¹ ngá»“i bÃªn cá»­i xe tÆ¡
Thá»i thÆ°á»ng nháº¯c: - Chá»‹ mÃ y giá» ra sao?
Chá»‹ bÃ¢y giá».... nÃ³i tháº¿ nÃ o?
BÆ°á»›m tiÃªn khi Ä‘Ã£ láº¡c vÃ o vÆ°á»n hoang.
Chá»‹ tá»« lá»¡ bÆ°á»›c sang ngang
Trá»i giÃ´ng bÃ£o giá»¯a trÃ ng giang láº­t thuyá»n.
XuÃ´i dÃ²ng nÆ°á»›c cháº£y liÃªn miÃªn,
ÄÆ°a thÃ¢n tháº¿ chá»‹ tá»›i miá»n Ä‘au thÆ°Æ¡ng.
MÆ°á»i nÄƒm gá»‘i háº­n bÃªn giÆ°á»ng,
MÆ°á»i nÄƒm nÆ°á»›c máº¯t bá»¯a thÆ°á»ng thay canh.
MÆ°á»i nÄƒm Ä‘Æ°a Ä‘Ã¡m má»™t mÃ¬nh,
ÄÃ o sÃ¢u chÃ´n cháº·t má»‘i tÃ¬nh Ä‘áº§u tiÃªn.
MÆ°á»i nÄƒm lÃ²ng láº¡nh nhÆ° tiá»n,
Tim Ä‘i háº¿t mÃ¡u mÃ  duyÃªn khÃ´ng vá».
    Rá»“i báº¥t chá»£t, ngÆ°á»i chá»‹ thÆ°Æ¡ng yÃªu cá»§a nhÃ  thÆ¡ tÆ°Æ¡i vui trá»Ÿ láº¡i. ChÃºng ta hÃ£y nghe thi sÄ© NGUYá»„N BÃNH chia sáº½ niá»m vui ráº¡ng rá»¡ mÃ  ngÆ°á»I chá»‹ cá»§a mÃ¬nh Ä‘Ã£ thá»‘ lá»™ cÃ¹ng Ã´ng.

NhÆ°ng em Æ¡i! Má»™t Ä‘Ãªm hÃ¨,
Hoa xoan ná»Ÿ, xÃ¡c con ve hoÃ n há»“n.
Dá»«ng chÃ¢n trÃªn báº¿n sÃ´ng buá»“n,
NhÃ  nghá»‡ sÄ© tÆ°á»Ÿng Ä‘Ã² cÃ²n chuyáº¿n sang.
ÄoÃ¡i thÆ°Æ¡ng pháº­n chá»‹ lá»¡ lÃ ng,
ÄoÃ¡i thÆ°Æ¡ng pháº­n chá»‹ dá»Ÿ dang nhá»¯ng ngÃ y.
Rá»“i....rá»“i chá»‹ nÃ³i sao Ä‘Ã¢y?
Em Æ¡i! NÃ³i nhá» cÃ¢u nÃ y vá»›i em...
Tháº¿ rá»“i mÃ¡u cháº£y vá» tim,
DuyÃªn lÃ m lÃ nh chá»‹ duyÃªn tÃ¬m vá» mÃ´i.
Chá»‹ nay lÃ²ng áº¥m láº¡i rá»“i,
Má»‘i tÃ¬nh cháº¿t Ä‘Ã£ cÃ³ ngÆ°á»i há»“i sinh.
Chá»‹ tá»« dan dÃ­u vá»›i tÃ¬nh,
Äá»i tÆ°Æ¡i nhÆ° buá»•i bÃ¬nh minh náº¡m vÃ ng.
Tim ai kháº¯c má»™t chá»¯ NÃ€NG,
MÃ  tim chá»‹ má»™t chá»¯ CHÃ€NG kháº¯c theo....
NhÆ°ng yÃªu chá»‰ Ä‘á»ƒ mÃ  yÃªu,
Chá»‹ cÃ²n dÃ¡m Æ°á»›c má»™t Ä‘iá»u gÃ¬ hÆ¡n.
Má»™t láº§m hay lá»¡ keo sÆ¡n,
Mong gÃ¬ gáº¯n láº¡i phÃ­m Ä‘á»n ngang cÅ©ng.
Rá»“i Ä‘Ãªm kia lá»‡ rÃ²ng rÃ²ng,
Tiá»…n Ä‘Æ°a ngÆ°á»i áº¥y sang sÃ´ng, chá»‹ vá».
ThÃ¡ng ngÃ y qua cá»­a buá»“ng the,
Chá»‹ ngá»“i nháº·t cÃ¡nh hoa lÃª cuá»‘i mÃ¹a.
  Lá»  BÆ¯á»šC SANG NGANG
            Nguyá»…n BÃ­nh",positive
ThÆ¡ tÃ¬nh má»™c máº¡c giáº£n Ä‘Æ¡n ráº¥t hay Ã­t ngÆ°á»i vÆ°á»£t qua Ä‘c Ã´ng,positive
Xem nhá»¯ng Ä‘oáº¡n vÄƒn tho cá»§a tháº¿ há»‡ sau yÃªu tho cu Nguyá»…n binh nhai láº¡i van tho cá»§a cá»¥ sao mÃ  cÅ©ng buá»“n cÆ°á»i Ä‘ang láº½ ra lÃ  tá»©c song thá»i Ä‘áº¡i mo cá»§a vÄƒn hoÃ¡ ngá»§ phÃ¡p vn rong vÃ  thoÃ¡ng tha ga cho sÃ¡ng táº¡o mÃ  .tÃ´i ráº¥t kÃ­nh trá»ng nha tho nay xem ngáº§m tá»«ng chá»¯ má»™t nhÃ  thÆ¡ thá»i cuá»™c sÃ¡ng tÃ¡c nhá»¯ng van tho ngau hung thá»i chi cÃ³ ngoi bÃºt viáº¿t tay?,negative
ThÆ¡ tÃ¬nh Cá»¥ Nguyá»…n BÃ­nh tháº­t tuyá»‡t vá»i,positive
100 viáº¿t nÄƒm rao váº·t tá»•ng tÃ i,neutral
ThÆ¡ Nguyá»…n Binh ThÆ¡ hay mÃ£i trong lÃ²ng nhÃ¢n dÃ¢n trong moi thá»i Ä‘áº¡i,positive
Lá»¥c bÃ¡t quÃ¡ hay.,positive
"LÃ²ng Æ¡i sao láº¡i nhá»› lÃ²ng 
Bá»•ng nhiÃªn láº¡i nhá»› ngÆ°á»i k nhá»› mÃ¬nh ğŸ˜†",neutral
ai chá»‰ t cÃ¡ch lÃ m caption nÃ y vs áº¡,neutral
"Bá» rÃ o cÃ¢y bÆ°á»Ÿi khÃ´ng hoa
Qua bÃªn nhÃ  tháº¥y bÃªn nhÃ  váº¯ng teo
â€¦.
Ba gian Ä‘áº§y cáº£ ba gian náº¯ng chiá»u 
Äá»c nghe cá»© nghÃ¨n ngháº¹n, mang mÃ¡c buá»“nâ€¦.",negative
"Váº«n thÃ­ch bÃ i tÆ°Æ¡ng tÆ° cá»§a cá»¥. Bao nÄƒm xa trÆ°á»ng váº«n thuá»™c náº±m lÃ²ng. 
TrÃ¨o lÃªn cÃ¢y bÆ°á»Ÿi hÃ¡i hoa
BÆ°á»›c xuá»‘ng vÆ°á»n cÃ  hÃ¡i ná»¥ táº§m xuÃ¢n
Ná»¥ táº§m xuÃ¢n ná»Ÿ ra cÃ¡nh biáº¿c
Em láº¥y chá»“ng rá»“i anh tiáº¿c láº¯m thay....",positive
Hay quÃ¡ nhÃ  thÆ¡ Huyá»n thoáº¡i Æ¡i!,positive
"ÄÃ´i Nháº¡n 

TÃ¡c giáº£ : Nguyá»…n BÃ­nh

â€‹
Má»™t bÃ´ng cÃºc ná»Ÿ trong vÆ°á»n váº¯ng
GiÃ³ láº¡nh ngÃ n phÆ°Æ¡ng lÆ°á»›t thÆ°á»›t vá»
LÃ¡ Ãºa dáº§n mÃ²n rÆ¡i rá»¥ng háº¿t
SÆ°Æ¡ng mÃ¹ giÄƒng máº¯c lá»¥a lÃª thÃª

Song quáº¡nh tÃ³c huyá»n buÃ´ng láº£ lÆ°á»›t
NÃ ng buá»“n Ä‘Ã´i máº¯t há»¯ng há» trÃ´ng
Má»™t hai ba cÃ¡nh buá»“m nÃ¢u ngáº£
Biá»ƒn dáº­y mÃ u xanh sÃ³ng cháº­p chÃ¹ng

Bá»—ng mang biá»ƒn tháº³m ngang trá»i tháº³m
Má»™t cháº¥m Ä‘en rá»“i hai cháº¥m Ä‘en
ÄÃ´i vá»£ chá»“ng son Ä‘Ã´i nháº¡n nhá»
Bay vá»ƒ tá»• áº¥m má»›m hÆ°Æ¡ng duyÃªn

Khoan thai bá»‘n cÃ¡nh chÃ¨o khoan nháº·t
Cá»‘ Ä‘áº©y Ä‘Ã² yÃªu Ä‘áº¿n báº¿n yÃªu
Tuy giÃ³ láº¡nh vá» sÆ°Æ¡ng láº¡nh xuá»‘ng
ThÃ¬ mÃ¹a thu láº¡nh biáº¿t bao nhiÃªu?

MÃ´i nÃ ng tá»« thá»§a xuÃ¢n tÃ´ Ä‘á»
ChÆ°a ná»Ÿ má»™t láº§n vá»›i Ã¡i Ã¢n
NhÆ°ng tá»« thá»§a xuÃ¢n tÃ´ Ä‘á» mÃ¡
MÃ¡ kia nÆ°á»›c máº¯t tháº¥m bao láº§n

Bá»Ÿi Ä‘Ã¢u hay bá»Ÿi Ä‘Ã´i chim nháº¡n
ÄÃ£ má»‰a mai nÃ ng pháº­n láº» loi
Láº» táº» buá»“ng gÆ°Æ¡ng nÃ ng vá»›i bÃ³ng
NgÃ y ngÃ y nhÃ¬n mÃ£i nháº¡n chung Ä‘Ã´i

Khi láº» loi thÃ¢u khi máº¯t lá»‡
Máº£i nhÃ¬n Ä‘Ã´i nháº¡n luyáº¿n nhau bay
Khi lÃ²ng lÃ  má»™t nÆ¡i hoang Ä‘áº£o
Äan Ã¡o cho ai nhá»¯ng lÃºc nÃ y?

NÃ ng nhÆ° tÃ¢m sá»± nhÆ° mong ngÃ³ng
á» táº­n Ä‘Ã¢u Ä‘Ã¢u má»™t sá»± gÃ¬
NhÆ°ng cháº³ng bao giá» Ä‘Æ°a Ä‘áº¿n cáº£
Tiáº¿ng chÃ¢n ngá»±a giáº«m láº·ng yÃªn nghe...

..Tiáº¿ng chÃ¢n ngá»±a giáº«m trÃªn Ä‘Æ°á»ng sá»i
Nghá»‡ sÄ© anh chÃ ng cá»§a bá»‘n phÆ°Æ¡ng
MÆ°a xuá»‘ng láº¡c Ä‘Æ°á»ng trá»i láº¡nh láº¯m
Tá»‘i rá»“i mÆ°a ná»¯a ngá»±a chÃ¹n cÆ°Æ¡ng

Nhá»¯ng cÃ¢u tÃ¢m sá»± cÃ¢u tÃ¢m sá»±
ÄÃ£ thá»‘t ra tá»« miá»‡ng Ã¡i Ã¢n
BÃªn Ä‘á»‘ng than há»“ng ngÆ°á»i khÃ¡ch trá»
MÃ¡ há»“ng nhÆ° mÃ¡ gÃ¡i Ä‘Æ°Æ¡ng xuÃ¢n

Rá»“i má»™t ngÃ y sÆ°Æ¡ng hai ngÃ y sÆ°Æ¡ng
Ngá»±a há»“ng khÃ´ng tháº¥y tháº¯ng yÃªn cÆ°Æ¡ng
Ãi Ã¢n lÃ m ngáº¯n ngÃ y lÆ°u luyáº¿n
Cáº¯t Ä‘á»©t bao nhiÃªu váº¡n dáº·m Ä‘Æ°á»ng

Ká»ƒ tá»« thu áº¥y má»—i thu sang
Láº¡i tháº¥y nÃ ng Ä‘an Ã¡o vá»™i vÃ ng
TÃ´i tháº¥y nÃ ng nhÃ¬n Ä‘Ã´i nháº¡n nhá»
Báº±ng Ä‘Ã´i máº¯t Ä‘áº¹p cá»§a yÃªu Ä‘Æ°Æ¡ng.

  Nguyá»…n BÃ­nh",positive
"ThÆ¡ hay, Ä‘áº­m cháº¥t lÃ ng quÃª Báº¯c Bá»™ :D",positive
BÃ i thÆ¡ tháº­t vui khi cÃ³ emâ€¦! VÃ  buá»“n vá»i vá»£i khi ngÆ°á»i áº¥y Ä‘i láº¥y chá»“ng bÃ¡c áº¡..!,positive
Sao ngÃ y xÆ°a cÃ¡c nhÃ  thÆ¡ sÃ¡ng tÃ¡c nhá»¯ng bÃ i thÆ¡ hay quÃ¡ !,positive
"MÃ¬nh ráº¥t thÃ­ch thÆ¡ cá»¥ BÃ­nh tá»« há»“i há»c cáº¥p 3 cÃ³ bÃ i TÆ°Æ¡ng tÆ°, thÆ¡ cá»¥ chÃ¢n quÃª cÃ¢u chá»¯ giáº£n dá»‹ mÃ  nÃ³ cÅ©ng mang mÃ u sáº¯c tÆ°Æ¡i vui láº¡c quan, thÆ¡ tuy tháº¥t tÃ¬nh mÃ  ngÆ°á»i Ä‘á»c láº¡i cáº£m giÃ¡c buá»“n...cÆ°á»i chá»© ko buá»“n. ğŸ‘ŒğŸ‘Œâ¤ï¸â¤ï¸â¤ï¸â¤ï¸",positive
ThÆ¡ ngÃ¢y xÆ°a chÃ¢n cháº¥t nhÆ° váº­y máº¥y tráº» bÃ¢y giá» biáº¿t Ä‘áº¿n,neutral
"Trong di sáº£n thÆ¡ Nguyá»…n BÃ­nh thÃ­ch nháº¥t lÃ  bÃ i nÃ y. CÃ¢u chá»¯ giáº£n dá»‹, ná»—i buá»“n trong sÃ¡ng mÃ  tháº¥m thÃ­a.",negative
"Hay quÃ¡, dung dá»‹ nhÆ°ng sÃ¢u láº¯ng ráº¥t Ä‘á»i",positive
BÃ i thÆ¡ nÃ o cá»§a bÃ¡c NB cÅ©ng cÃ³ ná»—i buá»“n man mÃ¡c!,negative
"NhÃ  thÆ¡ cá»§a lÃ ng quÃª báº¯c bá»™ Viá»‡t Nam , hay quÃ¡ Ä‘i thÃ´i.",positive
Hay quÃ¡ ğŸ‘â¤,positive
"ThÆ¡ hay tÃ¬nh cáº£m nháº¹ nhÃ ng sÃ¢u kÃ­n, ráº¥t yÃªu thÃ­ch thÆ¡ cá»¥ Nguyá»…n BÃ­nh!",positive
ÄÃºng lÃ  cá»¥ bá»‹ giá»i Ä‘Ã y tháº­t,neutral
á»ª Ä‘Ãºng pháº£i Ä‘i tá»« xa má»›i Ä‘áº¿n gáº§n...mon men Ä‘Ã£ chá»©...hÃ¬...,neutral
"ThÆ¡ cá»§a cá»¥ Nguyá»…n BÃ­nh ráº¥t Ä‘á»i, áº©n Ã½ ráº¥t nháº¹ nhÃ ng nhÆ°ng nhiá»u Ã½ nghÄ©a",neutral
"ThÆ¡ Ã”ng nhÆ° lá»i tá»± sá»± cá»§a chÃ­nh mÃ¬nh váº­y.. Má»™t nhÃ  thÆ¡ Ä‘áº¡i tÃ i,song cuá»™c Ä‘á»i láº¯m truÃ¢n chuyÃªn,Ä‘a tÃ¬nh,lÃ£ng máº¡n vÃ  Ä‘a sáº§u Ä‘a cáº£m... ThÆ°Æ¡ng Ã”ng..",negative
Hay Ã½ hay tÃ¬nh cáº£m nháº¹ nhÃ ng,positive
thÆ¡ hay qua' <3,positive
"Trá»i kia cÃ³ tháº¥u cho chÄƒng
YÃªu em khÃ´ng nÃ³i chá»‰ nÄƒng Ä‘i vÃ²ng
NgÃ y kia nÃ ng Ä‘Ã£ cÃ³ chá»“ng
Tiáº¿c cÃ´ng qua láº¡i chá»•ng mÃ´ng mÃ  gÃ o",neutral
Äá»c máº¥y bÃ i cá»§a cá»¥ hay tháº­t,positive
"quÃ¡ hay, cÃ¡ch dÃ¹ng tá»« ráº¥t má»™c vÃ  giÃ u liÃªn tÆ°á»Ÿng...",positive
máº¥y con cÃ¡ dÆ°á»›i Ä‘Ã³ ..,neutral
Fact: XÆ°a cÃ²n bÃ© t tÆ°á»Ÿng á»•ng thá»Ÿ ra khÃ³i mÃ u há»“ng tháº­t lá»›n ms bt Ä‘oa lÃ  edit,neutral
BÃ  Æ¡i cho xin bÃ­ quyáº¿t tráº» Ä‘áº¹p nhÆ° váº­y Ä‘i,neutral
Máº¥y con cÃ¡ phÃª phağŸ˜…,neutral
"ThoÌ‚ng minh xinh Ä‘eÌ£p k baÌ†Ì€ng biÌm heÌ£p ck thuÌ›oÌ›ng Tam hoÌ›Ì£p tuÌ›Ì hoÌ›Ì£p cuÌƒng k baÌ†Ì€ng hoÌ›Ì£p giuÌ›oÌ›Ì€ng hoÌ›Ì£p chieÌ‚Ìu
ÄeÌ‰ Ä‘aÌi xong lol roÌ£Ì‚ng toaÌc Ä‘uÌt cuuu voÌ‚ nhuÌ› xaÌ€ beng thaÌ‰ gieÌ‚Ìng Ä‘m Ä‘ieÌ‚n tieÌ‚Ìt leÌ‚n tui mua caÌi vieÌ‚n se khiÌt lol choÌ‚Ìƒ c.Thanh VÃ¢nnaÌ€y mua veÌ‚Ì€ Ä‘aÌ£Ì†t xong noÌ khiÌc tiÌ£t loÌ‚Ìƒ Ä‘uÌt ko loÌ£t tk ck cuÌ›Ì theÌ‚Ì nhaÌ‚Ìp lieÌ‚n hoÌ‚Ì€i, Ä‘m tk naÌ€o chaÌ‰ thiÌch caÌi lol ngon Ä‘uÌng koğŸ˜‚ğŸ˜‚ğŸ˜‚",toxic
"ğŸ€ ğ—©ğ—¡ğ—­67.ğ—–ğ—¢ğ—  ğŸ€ ğ—©ğ—¡ğ—­67.ğ—–ğ—¢ğ—  ğŸ€ ğ—©ğ—¡ğ—­67.ğ—–ğ—¢ğ—  ğŸ€  
ğŸ‘‘ TRANG QUá»C Táº¾ CHUYÃŠN BÃ“NG ÄÃ Äáº¦U TIÃŠN VÃ€ ÄÆ¯á»¢C PHÃ‰P HOáº T Äá»˜NG Táº I VIá»†T NAM  
â£ï¸ XANH CHÃN - UY TÃN - Náº .P RÃš.T TIá»€.N Tá»¶ NHANH , ğŸ’¯ Äáº²NG Cáº¤P QUá»C Táº¾ ğŸ‘‘
ğŸŒ¾ ÄÄ‚NG KÃ ğŸ€ ğ—©ğ—¡ğ—­67.ğ—–ğ—¢ğ—  ğŸğŸ€ ğ—©ğ—¡ğ—­67.ğ—–ğ—¢ğ—  ğŸ€ ğ—©ğ—¡ğ—­67.ğ—–ğ—¢ğ—  ğŸ€THÆ¯á»NG Náº P Láº¦N Äáº¦U 18,888K
ğŸ† NHÃ“M BÃŠN MÃŒNH ÄANG Lá»˜C LÃ 10% GIÃ TRá»Š TIá»€N Náº P X1 VÃ’NG CÆ¯á»¢C CHO Táº¤T Cáº¢ AE VÃ€O NHÃ“M VIP
ğŸŒ¾ Náº P 188K Táº¶NG 188K X1 VÃ’NG CÆ¯á»¢C CHO Ná»” HÅ¨ - Báº®N CÃ
ğŸ† HOÃ€N TRáº¢ LÃŠN Äáº¾N 2% , HOÃ€N TIá»€N CUá»I THÃNG 20% 
ğŸ’ Há»” TRá»¢ Báº¢O HIá»‚M VÃ‰ CÆ¯á»¢C Äáº¦U TIÃŠN CHO AE Tá»° CHá»ŒN ( GIÃ TRá»Š LÃŠN Tá»šI 8888K ) 
ğŸ€ NHÃ“M BÃ“NG RUNG - BÃ“NG FT UY TÃN  
ğŸ€ Sáº¢NH XÃ“C ÄÄ¨A WG XANH CHÃN - MC VIá»†T NAM XINH Äáº¸P ( KO Bá»ŠP NHÆ¯ KUBET )
ğŸ’ Sáº¢NH BACCARAT EVO, Ná»” HÅ¨, Báº®N CÃ, XÃ“C ÄÄ¨A HOÃ€N TRáº¢ NGÃ€Y CAO NHáº¤T HIá»†N NAY 
ğŸ’ ğ—Ÿğ—œğ—¡ğ— ğ—¡ğ—›ğ—¢Ìğ—  : @nhomkeodiemquynh
â˜ï¸ ğ—§ğ—˜ğ—Ÿğ—˜ğ—šğ—¥ğ—”ğ—  : @lamthu47
â˜ï¸ ğ—§ğ—˜ğ—Ÿğ—˜ğ—šğ—¥ğ—”ğ—  ğ—–ğ—¦ğ—ğ—› : @maihtvpk8
64646",neutral
Máº¥y con cÃ¡ dÆ°á»›i nÆ°á»›c kiá»ƒu,neutral
Gá»­i Ä‘áº¿n  áº¾ch Xanh Xinh Xáº¯n nhá»¯ng Ä‘iá»u tuyá»‡t vá»i nháº¥t,positive
"âš¡ï¸ Kiáº¿m thÃªm thu nháº­p thá»¥ Ä‘á»™ng tá»«  Cá»” PHIáº¾U, VÃ€NG, FOREX
âš¡ï¸ Lá»£i nhuáº­n 15-20%/ thÃ¡ng vá»›i nhÃ³m VIP
âš¡ï¸ Há»— trá»£ 1:1 vá»›i táº¥t cáº£ cÃ¡c thÃ nh viÃªn tham gia nhÃ³m
ğŸ‘‰ TÃ­n hiá»‡u free, tá»‰ lá»‡ win cao, chia sáº» phÆ°Æ¡ng phÃ¡p giao dá»‹ch hiá»‡u quáº£
âœ… Tham gia nhÃ³m ngay Ä‘á»ƒ Ä‘Æ°á»£c há»— trá»£:",neutral
"Anh chá»‹ em nÃ o tham gia Ä‘áº§u tÆ°, hay cÃ¡c viá»‡c lÃ m trÃªn máº¡ng khÃ´ng láº¥y láº¡i Ä‘Æ°á»£c tiá»n thÃ¬ nháº¯n tin cho chá»‹ , chá»‹ chá»‰ cÃ¡ch láº¥y láº¡i tiá»n. chá»‹ tá»«ng lÃ  náº¡n nhÃ¢n, may máº¯n láº¥y láº¡i Ä‘Æ°á»£c tiá»n nÃªn giá» muá»‘n giÃºp Ä‘á»¡ láº¡i má»i ngÆ°á»i.",positive
TÃ­nh ra há»“i xÆ°a xem Ã´ng nÃ y cuá»‘n vl mÃ  há»“i Ä‘Ã³ ngta cÅ©ng ko chÃª vape pod bá»Ÿi lÃºc Ä‘Ã³ máº¥y bá»n hs chÆ°a Ä‘c tiáº¿p xÃºc nhiá»u vá» cÃ¡i nÃ y h bá»n hs dÃ¹ng nhiá»u quÃ¡ xong báº¯t Ä‘áº§u táº©y chay cÃ¡i nÃ y=))))),positive
"âš½ï¸ CHÆ I THáº¢ GA KHÃ”NG LO HOÃ€N TRáº¢ âš½ï¸
ğŸ’ TR.ANG Q.U.á».C T.áº¾: âš½ï¸ ğ—£ğ—ğ—©ğ—œğ—¡ğ—”ğŸµğŸ®.ğ—Ÿğ—œğ—©ğ—˜ âš½ï¸ ğ—©ğ—¡ğ—­ğŸ±ğŸ®.ğ—–ğ—¢ğ—   âš½ï¸
( KO Äáº I LÃ NÃŠN KO Cáº¦N ÄIá»€N MÃƒ GIá»šI THIá»†U )
ğŸ’Cá»”NG GAME QUá»C Táº¾ - UY TÃN - KO Äáº I LÃ - XANH 9 - Náº P RÃšT NHANH KO GIá»šI Háº N Sá» Láº¦N RÃšT
ğŸ€ Äá»I TÃC TÃ€I TRá»¢ THá»‚ THAO TOÃ€N DIá»†N CHO CLB DORMUND ( Äá»¨C ) VÃ€ VALENCIA ( TÃ‚Y BAN NHA )
ğŸ€ Táº¶NG 100% Láº¦N Náº P  Äáº¦U LÃŠN Äáº¾N 8888K
ğŸ’ Táº¶NG 50% Láº¦N Náº P LÃŠN Äáº¾N 3888K
ğŸ’ Táº¶NG 5% Náº P Má»–I NGÃ€Y - NHÃ“M BÃ“NG RUNG - BÃ“NG FT UY TÃN
ğŸ›‘ğŸ›‘ Äáº¶C BIá»†T TRANG ğ—©ğ—¡ğ—­ğŸ±ğŸ®.ğ—–ğ—¢ğ—  Ná»” HÅ¨, Báº®N CÃ Náº P 188K Táº¶NG 188K
ğŸ€ Sáº¢NH XÃ“C ÄÄ¨A WG XANH CHÃN - MC VIá»†T NAM XINH Äáº¸P
ğŸ€ Sáº¢NH ÄÃ GÃ€ ÄA Dáº NG VÃ€ NHIá»€U HÃŒNH THá»¨C CÆ¯á»¢C Háº¤P DáºªN
âœ… Xá»” Sá» Báº®C - TRUNG - NAM ( CÃ“ ÄÃ€I Báº¾N TRE ) CÆ¯á»¢C XIÃŠN NHáº¬N SÃT GIá»œ Xá»”, UY TÃN TRáº¢ THÆ¯á»NG NHANH
âœ… BÃ€I TIáº¾N LÃŠN, POKER, CÃC Dáº NG GAME BÃ€I HOT NHáº¤T HIá»†N NAY
ğŸ’ Sáº¢NH BACCARAT EVO, Ná»” HÅ¨, Báº®N CÃ, XÃ“C ÄÄ¨A HOÃ€N TRáº¢ NGÃ€Y CAO NHáº¤T HIá»†N NAY
â˜ï¸ ğ—§ğ—˜ğ—Ÿğ—˜ğ—šğ—¥ğ—”ğ—  : @ğ—¡ğ—šğ—¢ğ—–ğ— ğ—œğ—¨ğŸ²ğŸµğŸ²ğŸµ
â˜ï¸ ğ—§ğ—˜ğ—Ÿğ—˜ğ—šğ—¥ğ—”ğ—  : @HOANGKHANH379
( ğ—¡ğ—›ğ—œğ—˜Ì‚Ì€ğ—¨ ğ—§ğ—˜ğ—Ÿğ—˜ğ—šğ—¥ğ—”ğ—  ğ—šğ—œğ—”Ì‰ ğ— ğ—”Ì£ğ—¢ ğ—”ğ—˜ ğ—–ğ—›ğ—˜ğ—–ğ— ğ—ğ—¬Ìƒ ğ—§ğ—¥ğ—¨Ì›ğ—¢Ì›Ìğ—– ğ—¡ğ—›ğ—˜Ì )
++++++++++hfh",neutral
"Video nhÆ° Lá»“nâ€â€â€â€â€â€â€â€â€â€â€â€â€â€â€â€â€â€â€â€â€â€â€â€â€â€â€â€â€â€â€â€â€â€â€â€â€â€â€â€â€â€â€â€â€â€â€â€â€â€â€â€â€â€â€â€â€â€â€â€â€â€â€â€â€â€â€â€â€â€â€â€â€â€â€â€â€â€â€â€â€â€â€â€â€â€â€â€â€â€â€â€â€â€â€â€â€â€â€â€â€â€â€â€â€â€â€â€â€â€â€â€â€â€â€â€â€â€â€â€â€â€â€â€â€â€â€â€â€â€â€â€â€â€â€â€â€â€â€â€â€â€â€â€â€â€â€â€â€â€â€â€â€â€â€â€â€â€â€â€â€â€â€â€â€â€â€â€â€â€â€â€â€â€â€â€â€â€â€â€â€â€â€â€â€â€â€â€â€â€â€â€â€â€â€â€â€â€â€â€â€â€â€â€â€â€â€â€â€â€â€â€â€â€â€â€â€â€â€â€â€â€â€â€â€â€â€â€â€â€â€â€â€â€â€â€â€â€â€â€â€â€â€â€â€â€â€â€â€â€â€â€â€â€â€â€â€â€â€â€â€â€â€â€â€â€â€â€â€â€â€â€â€â€â€â€â€â€â€â€â€â€â€â€â€â€â€â€â€â€â€â€â€â€â€â€â€â€â€â€â€â€â€â€â€â€â€â€â€â€â€â€â€â€â€â€â€â€â€â€â€â€â€â€â€â€â€â€â€â€â€â€â€â€â€â€â€â€â€â€â€â€â€â€â€â€â€â€â€â€â€â€â€â€â€â€â€â€â€â€â€â€â€â€â€â€â€â€â€â€â€â€â€â€â€â€â€â€â€â€â€â€â€â€â€â€â€â€â€â€â€â€â€â€â€â€â€â€â€â€â€â€â€â€â€â€â€â€â€â€â€â€â€â€â€â€â€â€â€â€â€â€â€â€â€â€â€â€â€â€â€â€â€â€â€â€â€â€â€â€â€â€â€â€â€â€â€â€â€â€â€â€â€â€â€â€â€â€â€â€â€â€â€â€â€â€â€â€â€â€â€â€â€â€â€â€â€â€â€â€â€â€â€â€â€â€â€â€â€â€â€â€â€â€â€â€â€â€â€â€â€â€â€â€â€â€â€â€â€â€â€â€â€â€â€â€â€â€â€â€â€â€â€â€â€â€â€â€â€â€â€â€â€â€â€â€â€â€â€â€â€â€â€â€â€â€â€â€â€â€â€â€â€â€â€â€â€â€â€â€â€â€â€â€â€â€â€â€â€â€â€â€â€â€â€â€â€â€â€â€â€â€â€â€â€â€â€â€â€â€â€â€â€â€â€â€â€â€â€â€â€â€â€â€â€â€â€â€â€â€â€â€â€â€â€â€â€â€â€â€â€â€â€â€â€â€â€â€â€â€â€â€â€â€â€â€â€â€â€â€â€â€â€â€â€â€â€â€â€â€â€â€â€â€â€â€â€â€â€â€â€â€â€â€â€â€â€â€â€â€â€â€â€â€â€â€â€â€â€â€â€â€â€â€â€â€â€â€â€â€â€â€â€â€â€â€â€â€â€â€â€â€â€â€â€â€â€â€â€â€â€â€â€â€â€â€â€â€â€â€â€â€â€â€â€â€â€â€â€â€â€â€â€â€â€â€â€â€â€â€â€â€â€â€â€â€â€â€â€â€â€â€â€â€â€â€â€â€â€â€â€â€â€â€â€â€â€â€â€â€â€â€â€â€â€â€â€â€â€â€â€â€â€â€â€â€â€â€â€â€â€â€â€â€â€â€â€â€â€â€â€â€â€â€â€â€â€â€â€â€â€â€â€â€â€â€â€g Ä‘Ã¨n sÃ¡ng chÃ³i , Ã´i tháº­t lung linh, tuyá»‡t vá»i!!! Hay! Quáº£ tháº­t lÃ  má»™t video vÃ´ cÃ¹ng cáº£m Ä‘á»™ng, vÃ´ cÃ¹ng Ã½ nghÄ©a, Ä‘Ã£ lÃ¢u láº¯m rá»“i tÃ´i chÆ°a Ä‘Æ°á»£c tháº¥y má»™t status mang Ä‘áº­m tÃ­nh nhÃ¢n vÄƒn nhÆ° tháº¿ nÃ y. Xin chÃ¢n thÃ nh cáº£m Æ¡n vÃ¬ Ä‘Ã£ cho tÃ´i Ä‘Æ°á»£c tháº¥y, Ä‘Æ°á»£c video nÃ y, cáº£m Æ¡n Mark Zuckerberg, ngÆ°á»i Ä‘á»“ng sÃ¡ng láº­p ra Facebook, cáº£m Æ¡n cha máº¹, Ã´ng bÃ  tá»• tiÃªn cá»§a Ã´ng vÃ  cáº£ nÆ°á»›c MÄ© vÃ¬ Ä‘Ã£ sinh ra vÃ  Ä‘Ã o táº¡o ra má»™t con ngÆ°á»i xuáº¥t sáº¯c nhÆ° tháº¿ nÃ y. Äá»ƒ tÃ´i Ä‘Æ°á»£c tháº¥y video nÃ y cÅ©ng pháº£i gá»­i lá»i cáº£m Æ¡n Ä‘áº¿n Bill Gates, ngÆ°á»i Ä‘á»“ng sÃ¡ng láº­p ra Microsoft Windows XP, cáº£m Æ¡n cha máº¹ Ã´ng cÅ©ng nhÆ° ngÆ°á»i vá»£ yÃªu quÃ½ cá»§a Ã´ng, cáº£m Æ¡n Donald Trump, vá»‹ tá»•ng thá»‘ng nÆ°á»›c Má»¹, cáº£m Æ¡n nhÃ  nÆ°á»›c LiÃªn XÃ´ cÅ© Ä‘Ã£ giÃºp Viá»‡t Nam xÃ¢y dá»±ng thÃ nh cÃ´ng Ä‘áº­p thá»§y Ä‘iá»‡n HÃ²a BÃ¬nh vÃ  mang Ä‘iá»‡n Ä‘áº¿n cho chÃºng tÃ´i tháº¯p sÃ¡ng, náº¥u cÆ¡m cÅ©ng nhÆ° sáº¡c Ä‘iá»‡n thoáº¡i Ä‘á»ƒ cháº¡y á»©ng dá»¥ng Facebook Ä‘á»ƒ xem video nÃ y, cáº£m Æ¡n cha máº¹ Ä‘Ã£ sinh ra tÃ´i, nuÃ´i dÆ°á»¡ng tÃ´i, cho tÃ´i Ä‘Æ°á»£c Ä‘áº¿n trÆ°á»ng, cáº£m Æ¡n cÃ¡c báº­c tháº§y cÃ´ giÃ¡o Ä‘Ã£ dáº¡y tÃ´i biáº¿t chá»¯, viáº¿t vÄƒn lÃ m toÃ¡n, dáº¡y tÃ´i nÃªn ngÆ°á»i nhÆ° ngÃ y hÃ´m nay, cáº£m Æ¡n thÆ°á»£ng Ä‘áº¿ Ä‘Ã£ ban cho tÃ´i má»™t Ä‘Ã´i máº¯t sÃ¡ng Ä‘á»ƒ tÃ´i cÃ³ thá»ƒ nhÃ¬n xem video nÃ y, cáº£m Æ¡n Ä‘áº¿n Moáº¯c Xoen Ä‘Ã£ nghiÃªn cá»©u vÃ  tÃ¬m ra sÃ³ng Ä‘iá»‡n tá»«, vÃ  vá»›i bÆ°á»›c sÃ³ng ngáº¯n cÃ³ bÆ°á»›c sÃ³ng lam Ä‘a tá»« 10m - 100m, táº§n sá»‘ tá»« 100Hz Ä‘Ã£ mang dá»¯ liá»‡u cho video Ä‘Æ°á»£c truyá»n Ä‘i xa hÆ¡n. Cáº£m Æ¡n vá»¥ ná»• BigBang Ä‘Ã£ táº¡o ra TrÃ¡i Äáº¥t, cáº£m Æ¡n máº¹ thiÃªn nhiÃªn Ä‘Ã£ ban cho TrÃ¡i Äáº¥t khung cáº£nh nÃ y, cáº£m Æ¡n táº¥t cáº£ nhá»¯ng loÃ i cÃ¢y trÃªn TrÃ¡i Äáº¥t Ä‘Ã£ quang há»£p lá»c khÃ´ng khÃ­ Ä‘á»ƒ con ngÆ°á»i cÃ³ thá»ƒ hÃ­t thá»Ÿ vÃ  sá»‘ng Ä‘Æ°á»£c nhÆ° ngÃ y hÃ´m nay, cáº£m Æ¡n Máº·t Trá»i Ä‘Ã£ soi sÃ¡ng TrÃ¡i Äáº¥t, giÃºp cÃ¢y cá»‘i quang há»£p vÃ  giÃºp nÆ°á»›c bá»‘c hÆ¡i táº¡o thÃ nh má»™t chu kÃ¬ thá»i tiáº¿t nhÆ° ngÃ y hÃ´m nay, cáº£m Æ¡n TrÃ¡i Äáº¥t Ä‘Ã£ ráº¡o ra trá»ng lá»±c giÃºp tÃ´i cÃ³ thá»ƒ ngá»“i yÃªn mÃ  xem video nÃ y. Cáº£m Æ¡n Ã´ng cha ta Ä‘Ã£ anh dÅ©ng hi sinh Ä‘á»ƒ mang láº¡i chiáº¿n tháº¯ng váº½ vang, cáº£m Æ¡n BÃ¡c Há»“ vÄ© Ä‘áº¡i cá»§a chÃºng ta, cáº£m Æ¡n Äáº£ng, cáº£m Æ¡n nhÃ  nÆ°á»›c, cáº£m Æ¡n cÃ¡c tá»• chá»©c vÃ  cÃ¡c cÆ¡ quan ban ngÃ nh Ä‘oÃ n thá»ƒ, cáº£m Æ¡n cÃ¡c cáº¥p lÃ£nh Ä‘áº¡o Ä‘Ã£ lÃ¨o lÃ¡i con thuyá»n xÃ£ há»™i chá»§ nghÄ©a.Cáº£m Æ¡n Ä‘áº¡i tÆ°á»›ng VÃµ NguyÃªn GiÃ¡p, vá»‹ Ä‘áº¡i tÆ°á»›ng Ä‘áº§u tiÃªn cá»§a Viá»‡t Nam. Cáº£m Æ¡n Ná»¯ Oa nÆ°Æ¡ng nÆ°Æ¡ng, quan Ã¢m Bá»“ TÃ¡t vÃ  Pháº­t Tá»• NhÆ° Lai Ä‘Ã£ cá»©u khá»• chÃºng sinh. Video nÃ y tháº­t Ã½ nghÄ©a, lÃ m sao Ä‘á»ƒ tÃ´i cáº£m Æ¡n háº¿t Ä‘Æ°á»£c Ä‘Ã¢y, cáº£m Æ¡n nhá»¯ng láº­p trÃ¬nh viÃªn vÃ  nhÃ  phÃ¡t triá»ƒn Ä‘Ã£ táº¡o ra Laban Key giÃºp tÃ´i cÃ³ thá»ƒ gÃµ comment nÃ y Ä‘á»ƒ cáº£m Æ¡n má»i ngÆ°á»i, cáº£m Æ¡n nhá»¯ng báº¡n ráº£nh hÃ¡ng Ä‘Ã£ bá» thá»i gian quÃ½ bÃ¡u cá»§a mÃ¬nh ra Ä‘á»ƒ Ä‘á»c cÃ¡i comment vá»› váº©n, dÃ i hÆ¡n Váº¡n LÃ½ TrÆ°á»ng ThÃ nh nÃ y. Cáº£m Æ¡n chá»§ tus Ä‘Ã£ Ä‘Äƒng cÃ¡i status mang Ä‘áº§y Ã½ nghÄ©a vÃ  Ä‘áº­m tÃ­nh nhÃ¢n vÄƒn nÃ y. Xin cáº£m Æ¡n táº¥t cáº£ mn vÃ  1 láº§n ná»¯a cáº£m Æ¡n vÃ¬ Ä‘á»c nÃ³ :))",positive
ngháº¹ cáº£ vÆ°á»n má»›i Ä‘Ãºng,neutral
ÃŠ á»•ng hÃºt cÃ¡i j z,neutral
"ğŸ€  ğ™‹ğ™†ğ™‘ğ™„ğ™‰ğ˜¼ğŸ²ğŸ³.ğ™‡ğ™„ğ™‘ğ™€ ğ™‹ğ™†ğ™‘ğ™„ğ™‰ğ˜¼ğŸ²ğŸ³.ğ™‡ğ™„ğ™‘ğ™€    ( KO Äáº I LÃ KO ÄIá»€N MÃƒ GIá»šI THIá»†U ) 
ğŸ‘‘ TRANG QUá»C Táº¾ CHUYÃŠN BÃ“NG ÄÃ Äáº¦U TIÃŠN VÃ€ ÄÆ¯á»¢C PHÃ‰P HOáº T Äá»˜NG Táº I VIá»†T NAM  
â£ï¸ XANH CHÃN - UY TÃN - Náº .P RÃš.T TIá»€.N Tá»¶ NHANH , ğŸ’¯ Äáº²NG Cáº¤P QUá»C Táº¾ ğŸ‘‘
ğŸŒ¾ ÄÄ‚NG KÃ ğŸ€ ğ—£ğ—ğ—©ğ—¡ğŸµğŸ².ğ—Ÿğ—œğ—™ğ—˜   ğ™‹ğ™†ğ™‘ğ™‰ğŸµğŸ².ğ™‡ğ™„ğ™ğ™€ ğŸ€   ( KO Äáº I LÃ KO ÄIá»€N MÃƒ GIá»šI THIá»†U )  ğŸ THÆ¯á»NG Náº P Láº¦N Äáº¦U 8,888K
ğŸ† Äáº¶C BIá»†T HOÃ€N TRáº¢ THá»‚ THAO LÃŠN Tá»šI 2% ğŸ QUÃ€ TRI Ã‚N HÃ€NG TUáº¦N 8,888K ğŸ ğŸ’ Táº¶NG 10% Náº P Má»–I NGÃ€Y 
ğŸ€ Sáº¢NH XÃ“C ÄÄ¨A WG XANH CHÃN - MC VIá»†T NAM XINH Äáº¸P ( KO Bá»ŠP NHÆ¯ KUBET )
ğŸ’ Sáº¢NH BACCARAT EVO, Ná»” HÅ¨, Báº®N CÃ, XÃ“C ÄÄ¨A HOÃ€N TRáº¢ NGÃ€Y CAO NHáº¤T HIá»†N NAY 
â˜ï¸ ğ—§ğ—˜ğ—Ÿğ—˜ğ—šğ—¥ğ—”ğ—  : @ğ™‰ğ™œğ™¤ğ™˜ğ™™ğ™ğ™šğ™ªğŸ³ğŸ® ( áº¢NH CÃ“ TÃ‚M Há»’N TO TRÃ’N )
â˜ï¸ ğ—§ğ—˜ğ—Ÿğ—˜ğ—šğ—¥ğ—”ğ—  : @ğ™‰ğ™œğ™¤ğ™˜ğ™¡ğ™ğ™£ğ™ğŸ²ğŸ³ğŸµ
â˜ï¸ ğ—§ğ—˜ğ—Ÿğ—˜ğ—šğ—¥ğ—”ğ—  ğ—–ğ—¦ğ—ğ—› : @ğ˜¿ğ™ğ™šğ™ªğ™¡ğ™ğ™£ğ™ğŸ³ğŸ±ğŸ®
( ğ—¡ğ—›ğ—œğ—˜Ì‚Ì€ğ—¨ ğ—§ğ—˜ğ—Ÿğ—˜ğ—šğ—¥ğ—”ğ—  ğ—šğ—œğ—”Ì‰ ğ— ğ—”Ì£ğ—¢ ğ—”ğ—˜ ğ—–ğ—›ğ—˜ğ—–ğ— ğ—ğ—¬Ìƒ ğ—¡ğ—›ğ—¢Ìğ—  ğ—§ğ—¥ğ—¨Ì›ğ—¢Ì›Ìğ—– ğ—¡ğ—›ğ—˜Ì )
1
222222222 222222",neutral
"ğŸ‘‰â¤ï¸ ChuyÃªn lÃ m B.áº±ng Cáº¥p - Giáº¥y Tá» cÃ¡c loáº¡i  
Zalo.     0565975792
âœ¨ â¤KHÃ”NG Cá»ŒC - Nháº­n hÃ ng má»›i thanh toÃ¡n
âœ¨ â¤LÃ m CCCD gáº¯n chÃ­p
âœ¨ â¤LÃ m Ca.vet xe - B.áº±ng lÃ¡i xe
âœ¨ â¤LÃ m B.áº±ng C.áº¥p 3, 2  
âœ¨ â¤LÃ m B.áº±ng Äáº¡i Há»c, Cao Äáº³ng,Trung C.áº¥p 
âœ¨ â¤LÃ m ch.á»©ng chá»‰ Nghá» cÃ¡c loáº¡i  
âœ¨ â¤LÃ m ch.á»©ng chá»‰ TOEIC, Ielts, CEFR, Topik, HSK, N1-N5
âœ¨ â¤LÃ m cÃ¡c loáº¡i giáº¥y tÆ° p.hÃ¡p..
âœ¨ â¤LÃ m Sá»• há»“ng - Sá»• Ä‘á»
âœ…âœ…âœ… cam káº¿t âœ…âœ…âœ… 
ğŸ’¥ LÃ m tá»« p.hÃ´i tháº­t, t.em tháº­t, m.á»™c ná»•i giÃ¡p lai 
ğŸ’¥ Ship COD toÃ n quá»‘c
ğŸ’¥ ÄÆ°á»£c Kiá»ƒm Tra TrÆ°á»›c Khi Thanh ToÃ¡n 
ğŸ’¥ GIÃ Ráºº - Cáº¤P Tá»C - Báº¢O Máº¬T
ğŸ“© Nháº¯n tin Ä‘á»ƒ Ä‘Æ°á»£c tÆ° váº¥n 24/24
Zalo 0565975792",neutral
Tháº¿ thÃ¬ máº¥y con cÃ¡ viÃªm man háº¿t,neutral
Con cÃ¡: ğŸ¤œğŸ”´ğŸ”µğŸ¤›ğŸ¤ŒğŸŸ£ğŸ‘ŒğŸ—¿,neutral
áº¢o vl,toxic
Hay Ä‘Ã³ hahaha,positive
nghá»‡ cáº£ cá»§ nhÆ°ng khÃ´ng Ä‘á»§ lm ngyeu e,neutral
"Cáº£m Æ¡n anh ngÃ y nÃ o cÅ©ng giÃºp Ä‘á»¡ em. DÃ¹ biáº¿t anh chá»‰ vÃ i ngÃ y, nhÆ°ng em tháº¥y anh ra kÃ¨o luÃ´n á»•n Ä‘á»‹nh, giÃºp anh em gá»¡ láº¡i vá»‘n. XÆ°a em chá»‰ Ä‘Ã¡nh bÃ³ng thÃ­ch Ä‘Ã¢u Ä‘Ã¡nh Ä‘Ã³, nay má»›i biáº¿t xáº£ kÃ¨o, canh rung, canh vá»‘n. Äáº§u mÃ¹a NGOáº I Háº NG ANH Ä‘áº¿n giá» em lÃ£i Ä‘c hÆ¡n 7M. Cáº£m Æ¡n anh ráº¥t nhiá»u, anh ráº¥t uy tÃ­n vÃ  cÃ³ tÃ¢m !
DÆ°Æ¡ng Nam",neutral
hay,positive
"Khi bÃ³ng ná»• 
Máº¥y con cÃ¡:",neutral
"[Phá»§ LÃ½- HÃ  Nam] Cáº§n tuyá»ƒn 10 CÃ”NG NHÃ‚N 
CÃ”NG TY CP KAMURI HÃ€ NAM TUYá»‚N Dá»¤NG  
5 ná»¯/nam cháº¡y mÃ¡y Dá»†T 
5 nam cháº¡y mÃ¡y Sá»¢I 
10 cÃ´ng nhÃ¢n MAY 
 LÆ°Æ¡ng khoÃ¡n theo sáº£n pháº©m. Tá»•ng thu nháº­p 12 - 15.000.000Ä‘ 
 YÃªu cáº§u: 
chÄƒm chá»‰ chá»‹u khÃ³, cÃ³ thá»ƒ lÃ m kÃ­p 09 tiáº¿ng xoay ca ngÃ y/Ä‘Ãªm 
Æ°u tiÃªn nhá»¯ng ngÆ°á»i Ä‘Ã£ cÃ³ kinh nghiá»‡m cháº¡y mÃ¡y dá»‡t, mÃ¡y sá»£i 
há»c viá»‡c 1 thÃ¡ng náº¿u chÆ°a cÃ³ tay nghá» 
* CHáº¾ Äá»˜ THÆ¯á»NG Äáº¶C BIá»†T 
ThÆ°á»Ÿng cÃ´ng nhÃ¢n má»›i tá»« 600-1500k 
ná»‘i thÃ¢m niÃªn cho nhá»¯ng cÃ´ng nhÃ¢n cÅ© quay láº¡i  
há»— trá»£ nhÃ  trá» Ä‘á»‘i vs cÃ´ng nhÃ¢n ngoáº¡i tá»‰nh :900k 
Há»“ sÆ¡ xin viá»‡c: SÆ¡ yáº¿u lÃ½ lá»‹ch, CCCD, giáº¥y khÃ¡m sá»©c khá»e (táº¥t cáº£ Ä‘á»u cÃ³ xÃ¡c nháº­n cÃ²n hiá»‡u lá»±c trong vÃ²ng 6 thÃ¡ng) 
Äá»‹a chá»‰ lÃ m viá»‡c: KCN ChÃ¢u SÆ¡n- Phá»§ LÃ½- HÃ  Nam 
Inbox trá»±c tiáº¿p hoáº·c liÃªn há»‡ sÄ‘t: 0979305294 (Háº¡nh- bá»™ pháº­n nhÃ¢n sá»±)",neutral
Ä‘m lÃ©t vl a zai,toxic
VÃ  Ã´ng bá»‘ khi xem Ä‘Æ°á»£c,neutral
LÃ m tháº¿ thÃ¬ con Ä‘Ã©o nÃ o cháº£ dá»—i ğŸ¤”,toxic
sao khÃ³i cÃ³ mÃ u hay váº­y máº¥y bro,positive
Xáº¥u Trai Láº¯m Má»“m,negative
Sao ra Ä‘Æ°á»£c nhiá»u mÃ u váº­y ta,neutral
"Hello máº¥y cáº£ nhÃ  ğŸ«¶ğŸ» sáº¯p tá»›i cÃ´ng ty AIA mÃ¬nh cÃ³ tÃ i trá»£ 1 buá»•i workshop khÃ¡m sá»©c khoáº» tá»•ng quÃ¡t miá»…n phÃ­
Cáº£ nhÃ  cÃ³ thá»ƒ dáº¯t ngÆ°á»i thÃ¢n ba máº¹, con cÃ¡i, anh chá»‹ Ä‘áº¿n Ä‘á»ƒ cÃ³ thá»ƒ tráº£i nghiá»‡m dá»‹ch vá»¥ áº¡ ğŸ“
KhÃ´ng tá»‘n phÃ­ áº¡ mÃ¬nh chá»‰ cáº§n book anh grab Ä‘á»ƒ Ä‘áº¿n nÆ¡i áº¡
Thá»i gian: 7:30 
Äá»‹a Ä‘iá»ƒm: 45A LÃ½ Tá»± Trá»ng P. Báº¿n NghÃ© Q.1 TPHCM
Báº¡n nÃ o Ä‘Äƒng kÃ­ cmt bÃ i viáº¿t Ä‘á»ƒ mÃ¬nh gá»­i form áº¡",neutral
Cbd bao Ãª cho ae giáº£m stress áº¡ ai nhu cáº§u á»§ng há»™ em gÃ¡i nha ğŸ¥°,negative
ÄÃºng lÃ  nghá»‡ tháº­t mÃ ,neutral
Ã DÃ™ GIá»NG Váº¾T THÆ¯Æ NG TAO Záº¬Y ğŸ˜«ğŸ˜«ğŸ˜«ğŸ˜­ğŸ˜­ğŸ˜­,neutral
Háº­n tháº±ng edit lÃ m t ngÆ°á»¡ng má»™,negative
"nhÃ  Ã´g nÃ y cx giÃ u, má»—i nÄƒm 1 cÃ¡i tháº­n:))",negative
"BÃ³ng bÃ³ng nÃ³ ná»• máº¥y con cÃ¡ :
ğŸ¤¤ğŸ¤¤",neutral
máº¥y con cÃ¡ á»Ÿ dÆ°á»›i cbi chuyá»ƒn mÃ u theo r Ä‘Ã³:)),neutral
Táº¥n TÃ i hc thá»•i Ä‘i mÃ y =)),neutral
Máº¥y con cÃ¡,neutral
"Video nhÆ° Lá»“nâ€â€â€â€â€â€â€â€â€â€â€â€â€â€â€â€â€â€â€â€â€â€â€â€â€â€â€â€â€â€â€â€â€â€â€â€â€â€â€â€â€â€â€â€â€â€â€â€â€â€â€â€â€â€â€â€â€â€â€â€â€â€â€â€â€â€â€â€â€â€â€â€â€â€â€â€â€â€â€â€â€â€â€â€â€â€â€â€â€â€â€â€â€â€â€â€â€â€â€â€â€â€â€â€â€â€â€â€â€â€â€â€â€â€â€â€â€â€â€â€â€â€â€â€â€â€â€â€â€â€â€â€â€â€â€â€â€â€â€â€â€â€â€â€â€â€â€â€â€â€â€â€â€â€â€â€â€â€â€â€â€â€â€â€â€â€â€â€â€â€â€â€â€â€â€â€â€â€â€â€â€â€â€â€â€â€â€â€â€â€â€â€â€â€â€â€â€â€â€â€â€â€â€â€â€â€â€â€â€â€â€â€â€â€â€â€â€â€â€â€â€â€â€â€â€â€â€â€â€â€â€â€â€â€â€â€â€â€â€â€â€â€â€â€â€â€â€â€â€â€â€â€â€â€â€â€â€â€â€â€â€â€â€â€â€â€â€â€â€â€â€â€â€â€â€â€â€â€â€â€â€â€â€â€â€â€â€â€â€â€â€â€â€â€â€â€â€â€â€â€â€â€â€â€â€â€â€â€â€â€â€â€â€â€â€â€â€â€â€â€â€â€â€â€â€â€â€â€â€â€â€â€â€â€â€â€â€â€â€â€â€â€â€â€â€â€â€â€â€â€â€â€â€â€â€â€â€â€â€â€â€â€â€â€â€â€â€â€â€â€â€â€â€â€â€â€â€â€â€â€â€â€â€â€â€â€â€â€â€â€â€â€â€â€â€â€â€â€â€â€â€â€â€â€â€â€â€â€â€â€â€â€â€â€â€â€â€â€â€â€â€â€â€â€â€â€â€â€â€â€â€â€â€â€â€â€â€â€â€â€â€â€â€â€â€â€â€â€â€â€â€â€â€â€â€â€â€â€â€â€â€â€â€â€â€â€â€â€â€â€â€â€â€â€â€â€â€â€â€â€â€â€â€â€â€â€â€â€â€â€â€â€â€â€â€â€â€â€â€â€â€â€â€â€â€â€â€â€â€â€â€â€â€â€â€â€â€â€â€â€â€â€â€â€â€â€â€â€â€â€â€â€â€â€â€â€â€â€â€â€â€â€â€â€â€â€â€â€â€â€â€â€â€â€â€â€â€â€â€â€â€â€â€â€â€â€â€â€â€â€â€â€â€â€â€â€â€â€â€â€â€â€â€â€â€â€â€â€â€â€â€â€â€â€â€â€â€â€â€â€â€â€â€â€â€â€â€â€â€â€â€â€â€â€â€â€â€â€â€â€â€â€â€â€â€â€â€â€â€â€â€â€â€â€â€â€â€â€â€â€â€â€â€â€â€â€â€â€â€â€â€â€â€â€â€â€â€â€â€â€â€â€â€â€â€â€â€â€â€â€â€â€â€â€â€â€â€â€â€â€â€â€â€â€â€â€â€â€â€â€â€â€â€â€â€â€â€â€â€â€â€â€â€â€â€â€â€â€â€â€â€â€â€â€â€â€â€â€â€â€â€â€â€â€â€â€â€â€â€â€â€â€â€â€â€â€â€â€â€â€â€â€â€â€â€â€â€â€â€â€â€â€â€â€â€â€â€â€â€â€â€â€â€â€â€â€â€â€â€â€â€â€â€â€â€â€â€â€â€â€â€â€â€â€â€â€â€â€â€â€â€â€â€â€â€â€â€â€â€â€â€â€â€â€â€â€â€â€â€â€â€â€â€â€â€â€â€g Ä‘Ã¨n sÃ¡ng chÃ³i , Ã´i tháº­t lung linh, tuyá»‡t vá»i!!! Hay! Quáº£ tháº­t lÃ  má»™t video vÃ´ cÃ¹ng cáº£m Ä‘á»™ng, vÃ´ cÃ¹ng Ã½ nghÄ©a, Ä‘Ã£ lÃ¢u láº¯m rá»“i tÃ´i chÆ°a Ä‘Æ°á»£c tháº¥y má»™t status mang Ä‘áº­m tÃ­nh nhÃ¢n vÄƒn nhÆ° tháº¿ nÃ y. Xin chÃ¢n thÃ nh cáº£m Æ¡n vÃ¬ Ä‘Ã£ cho tÃ´i Ä‘Æ°á»£c tháº¥y, Ä‘Æ°á»£c video nÃ y, cáº£m Æ¡n Mark Zuckerberg, ngÆ°á»i Ä‘á»“ng sÃ¡ng láº­p ra Facebook, cáº£m Æ¡n cha máº¹, Ã´ng bÃ  tá»• tiÃªn cá»§a Ã´ng vÃ  cáº£ nÆ°á»›c MÄ© vÃ¬ Ä‘Ã£ sinh ra vÃ  Ä‘Ã o táº¡o ra má»™t con ngÆ°á»i xuáº¥t sáº¯c nhÆ° tháº¿ nÃ y. Äá»ƒ tÃ´i Ä‘Æ°á»£c tháº¥y video nÃ y cÅ©ng pháº£i gá»­i lá»i cáº£m Æ¡n Ä‘áº¿n Bill Gates, ngÆ°á»i Ä‘á»“ng sÃ¡ng láº­p ra Microsoft Windows XP, cáº£m Æ¡n cha máº¹ Ã´ng cÅ©ng nhÆ° ngÆ°á»i vá»£ yÃªu quÃ½ cá»§a Ã´ng, cáº£m Æ¡n Donald Trump, vá»‹ tá»•ng thá»‘ng nÆ°á»›c Má»¹, cáº£m Æ¡n nhÃ  nÆ°á»›c LiÃªn XÃ´ cÅ© Ä‘Ã£ giÃºp Viá»‡t Nam xÃ¢y dá»±ng thÃ nh cÃ´ng Ä‘áº­p thá»§y Ä‘iá»‡n HÃ²a BÃ¬nh vÃ  mang Ä‘iá»‡n Ä‘áº¿n cho chÃºng tÃ´i tháº¯p sÃ¡ng, náº¥u cÆ¡m cÅ©ng nhÆ° sáº¡c Ä‘iá»‡n thoáº¡i Ä‘á»ƒ cháº¡y á»©ng dá»¥ng Facebook Ä‘á»ƒ xem video nÃ y, cáº£m Æ¡n cha máº¹ Ä‘Ã£ sinh ra tÃ´i, nuÃ´i dÆ°á»¡ng tÃ´i, cho tÃ´i Ä‘Æ°á»£c Ä‘áº¿n trÆ°á»ng, cáº£m Æ¡n cÃ¡c báº­c tháº§y cÃ´ giÃ¡o Ä‘Ã£ dáº¡y tÃ´i biáº¿t chá»¯, viáº¿t vÄƒn lÃ m toÃ¡n, dáº¡y tÃ´i nÃªn ngÆ°á»i nhÆ° ngÃ y hÃ´m nay, cáº£m Æ¡n thÆ°á»£ng Ä‘áº¿ Ä‘Ã£ ban cho tÃ´i má»™t Ä‘Ã´i máº¯t sÃ¡ng Ä‘á»ƒ tÃ´i cÃ³ thá»ƒ nhÃ¬n xem video nÃ y, cáº£m Æ¡n Ä‘áº¿n Moáº¯c Xoen Ä‘Ã£ nghiÃªn cá»©u vÃ  tÃ¬m ra sÃ³ng Ä‘iá»‡n tá»«, vÃ  vá»›i bÆ°á»›c sÃ³ng ngáº¯n cÃ³ bÆ°á»›c sÃ³ng lam Ä‘a tá»« 10m - 100m, táº§n sá»‘ tá»« 100Hz Ä‘Ã£ mang dá»¯ liá»‡u cho video Ä‘Æ°á»£c truyá»n Ä‘i xa hÆ¡n. Cáº£m Æ¡n vá»¥ ná»• BigBang Ä‘Ã£ táº¡o ra TrÃ¡i Äáº¥t, cáº£m Æ¡n máº¹ thiÃªn nhiÃªn Ä‘Ã£ ban cho TrÃ¡i Äáº¥t khung cáº£nh nÃ y, cáº£m Æ¡n táº¥t cáº£ nhá»¯ng loÃ i cÃ¢y trÃªn TrÃ¡i Äáº¥t Ä‘Ã£ quang há»£p lá»c khÃ´ng khÃ­ Ä‘á»ƒ con ngÆ°á»i cÃ³ thá»ƒ hÃ­t thá»Ÿ vÃ  sá»‘ng Ä‘Æ°á»£c nhÆ° ngÃ y hÃ´m nay, cáº£m Æ¡n Máº·t Trá»i Ä‘Ã£ soi sÃ¡ng TrÃ¡i Äáº¥t, giÃºp cÃ¢y cá»‘i quang há»£p vÃ  giÃºp nÆ°á»›c bá»‘c hÆ¡i táº¡o thÃ nh má»™t chu kÃ¬ thá»i tiáº¿t nhÆ° ngÃ y hÃ´m nay, cáº£m Æ¡n TrÃ¡i Äáº¥t Ä‘Ã£ ráº¡o ra trá»ng lá»±c giÃºp tÃ´i cÃ³ thá»ƒ ngá»“i yÃªn mÃ  xem video nÃ y. Cáº£m Æ¡n Ã´ng cha ta Ä‘Ã£ anh dÅ©ng hi sinh Ä‘á»ƒ mang láº¡i chiáº¿n tháº¯ng váº½ vang, cáº£m Æ¡n BÃ¡c Há»“ vÄ© Ä‘áº¡i cá»§a chÃºng ta, cáº£m Æ¡n Äáº£ng, cáº£m Æ¡n nhÃ  nÆ°á»›c, cáº£m Æ¡n cÃ¡c tá»• chá»©c vÃ  cÃ¡c cÆ¡ quan ban ngÃ nh Ä‘oÃ n thá»ƒ, cáº£m Æ¡n cÃ¡c cáº¥p lÃ£nh Ä‘áº¡o Ä‘Ã£ lÃ¨o lÃ¡i con thuyá»n xÃ£ há»™i chá»§ nghÄ©a.Cáº£m Æ¡n Ä‘áº¡i tÆ°á»›ng VÃµ NguyÃªn GiÃ¡p, vá»‹ Ä‘áº¡i tÆ°á»›ng Ä‘áº§u tiÃªn cá»§a Viá»‡t Nam. Cáº£m Æ¡n Ná»¯ Oa nÆ°Æ¡ng nÆ°Æ¡ng, quan Ã¢m Bá»“ TÃ¡t vÃ  Pháº­t Tá»• NhÆ° Lai Ä‘Ã£ cá»©u khá»• chÃºng sinh. Video nÃ y tháº­t Ã½ nghÄ©a, lÃ m sao Ä‘á»ƒ tÃ´i cáº£m Æ¡n háº¿t Ä‘Æ°á»£c Ä‘Ã¢y, cáº£m Æ¡n nhá»¯ng láº­p trÃ¬nh viÃªn vÃ  nhÃ  phÃ¡t triá»ƒn Ä‘Ã£ táº¡o ra Laban Key giÃºp tÃ´i cÃ³ thá»ƒ gÃµ comment nÃ y Ä‘á»ƒ cáº£m Æ¡n má»i ngÆ°á»i, cáº£m Æ¡n nhá»¯ng báº¡n ráº£nh hÃ¡ng Ä‘Ã£ bá» thá»i gian quÃ½ bÃ¡u cá»§a mÃ¬nh ra Ä‘á»ƒ Ä‘á»c cÃ¡i comment vá»› váº©n, dÃ i hÆ¡n Váº¡n LÃ½ TrÆ°á»ng ThÃ nh nÃ y. Cáº£m Æ¡n chá»§ tus Ä‘Ã£ Ä‘Äƒng cÃ¡i status mang Ä‘áº§y Ã½ nghÄ©a vÃ  Ä‘áº­m tÃ­nh nhÃ¢n vÄƒn nÃ y. Xin cáº£m Æ¡n táº¥t cáº£ mn vÃ  1 láº§n ná»¯a cáº£m Æ¡n vÃ¬ Ä‘á»c nÃ³ :))",positive
Cam Naq Ng Tthao NgÆ°á»i Hay Suy,positive
Máº¥y con cÃ¡ kiá»ƒu,neutral
"Äáº» xong cÃ¡c bÃ  sáº½ tháº¥y, ck nÃ³ láº¡ láº¯m. ChÃª vk cÃ¡c kiá»ƒu, ráº¥t Ä‘Ã¡ng lo luÃ´n Ä‘Ã³, tÃ´i tráº£i qua rá»“i vá»«a má»‡t má»i vá»«a stress, may mÃ  tÃ¬m Ä‘Æ°á»£c chá»— nhá» Trang LÃª  cÃ³ cÃ¡i combo Ä‘áº¡i tu láº¡i vÃ¹ng kÃ­n. TÃ´i Ä‘áº·t 1 combo vá» dÃ¹ng giáº¥u 2 tuáº§n, xong hÃ´m áº¥y nháº¹ nhÃ ng chÃ¨o lÃªn trÃªn khiÃªu gá»£i háº¯n , y nhÆ° ráº±ng bá»‹ mÃ¹i nÆ°á»›c hoa nÃ³ kÃ­ch thÃ­ch lÃ  háº¯n nhÃ o vÃ´ liá»n, lÃºc táº¯t Ä‘iá»‡n dáº­p khuÃ´n thÃ¬ ta nÃ³i cÃ¡i máº·t lÃ£o thá»‘n vÃ  báº¥t ngá» vÃ¬ chá»— áº¥y khÃ­t quÃ¡,  cá»© kÃªu vk Æ¡i ck sÆ°á»›ng xong lÃ  dáº­p liÃªn tá»¥c cháº£ cáº§n giá»¥c, giá» hÃ¡m vk Ä‘á»¡ pháº£i lo Ä‘i ra ngoÃ i Äƒn vá»¥ng",neutral
Nguyá»…n PhÃºc PhÃºc xÃ¬ ke tuá»•i gÃ¬,negative
Máº¥y con cÃ¡ khi nhÃ¬n lÃªn,neutral
"Nhiá»u ngÆ°á»i nÃ³i Dáº§u Nháº­t IKO trá»‹ Xuáº¥t Tinh Sá»›m hay láº¯m, ai dÃ¹ng cÅ©ng tÄƒng thá»i gian quan há»‡ dc lÃ¢u háº¿t, trong group ai Quan há»‡ nhanh ra thÃ¬ cá»© tÃ¬m Dáº§u Nháº­t IKO mÃ  sá»­ dá»¥ng nhen",positive
"ğŸ“±ğŸ“±Cáº¦N TUYá»‚N CTV  SLLğŸ“±ğŸ“±

ğŸ‘œ C/V : SPAM COMMENT FB 

ğŸ‘¤ Y/C : CÃ³ STK vÃ  TrÃªn 15 tuá»•i 

ğŸ’² PhÃ¡t LÆ°Æ¡ng TrÆ°á»›c 20 Giá»  má»—i ngÃ y - 500k / NgÃ y

â˜ï¸ LH TELEGRAM HD : phutai18 ( cÃ³ tÃ­ch xanhâœ“)

ğŸ“„ğŸ“„ğŸ“„ğŸ“„ğŸ“„ğŸ“„ğŸ“„ğŸ“„",negative
"ğŸ“±ğŸ“±Cáº¦N TUYá»‚N CTV  SLLğŸ“±ğŸ“±

ğŸ‘œ C/V : SPAM COMMENT FB 

ğŸ‘¤ Y/C : CÃ³ STK vÃ  TrÃªn 15 tuá»•i 

ğŸ’² PhÃ¡t LÆ°Æ¡ng TrÆ°á»›c 20 Giá»  má»—i ngÃ y - 500k / NgÃ y

â˜ï¸ LH TELEGRAM HD : phutai18 ( cÃ³ tÃ­ch xanhâœ“)

ğŸ“„ğŸ“„ğŸ“„ğŸ“„ğŸ“„ğŸ“„ğŸ“„ğŸ“„",negative
Rá»“i máº¥y con cÃ¡ dÆ°á»›i Ä‘Ã³ nÃ³ láº¥y mÃ¡y thá»Ÿ á»Ÿ Ä‘Ã¢u Ä‘á»ƒ cho Ä‘á»¡ nghiá»n Ä‘Ã¢y haizzz,neutral
máº¥y con cÃ¡ kiá»ƒu ğŸ’€,neutral
Tá»« Ä‘áº¥y máº¥y con cÃ¡ bá»‹ phÃª:),neutral
"Buá»“n cÆ°á»i Ã´ng Ä‘Ã n ghita báº±ng lÆ°á»¡i,Ä‘iÃªu luyá»‡n ğŸ¤£",negative
"NgÆ°á»i ta cá»¡ nÃ y, 2 anh mÃ¬nh cá»¡ nÃ y ğŸ¤Œ LÆ°u Há»“ng Giang Trung Thanh ChÆ°Æ¡ng 
ChÃ¡n láº¯m cáº­u áº¡, tháº¿ mÃ  cá»© ham há»‘ Thá»§y Ji Ji",negative
máº¥y con cÃ¡:,neutral
QuÃ¡ tuyá»‡t vá»i,positive
*Máº¥y con cÃ¡*,neutral
"Cáº£m Æ¡n anh ngÃ y nÃ o cÅ©ng giÃºp Ä‘á»¡ em. DÃ¹ biáº¿t anh chá»‰ vÃ i ngÃ y, nhÆ°ng em tháº¥y anh ra kÃ¨o luÃ´n á»•n Ä‘á»‹nh, giÃºp anh em gá»¡ láº¡i vá»‘n. XÆ°a em chá»‰ Ä‘Ã¡nh bÃ³ng thÃ­ch Ä‘Ã¢u Ä‘Ã¡nh Ä‘Ã³, nay má»›i biáº¿t xáº£ kÃ¨o, canh rung, canh vá»‘n. Äáº§u mÃ¹a NGOáº I Háº NG ANH Ä‘áº¿n giá» em lÃ£i Ä‘c hÆ¡n 7M. Cáº£m Æ¡n anh ráº¥t nhiá»u, anh ráº¥t uy tÃ­n vÃ  cÃ³ tÃ¢m !
DÆ°Æ¡ng Nam",neutral
vl;,toxic
hay day,positive
á»”ng Ä‘Ã¡nh guital tháº¿ nÃ y thá»‹ rÃ¡ch cáº£ lÆ°á»¡i ğŸ˜‚ğŸ˜‚,neutral
"ÃŠ thÃ¡ng Ãªdit m lÃ m tháº±ng chÃ¡u t nÃ³ Ä‘á»“i Ä‘i mua cÃ¡i Ä‘á»“ thá»•i Ä‘á»§ mÃ u giá»‘ng v kÃ¬a,giá» biáº¿t mua á»Ÿ Ä‘Ã¢u mÃ¡ m",neutral
Nguyá»…n Tháº¿ Minh HoÃ ng máº¥y con cÃ¡ á»Ÿ dÆ°á»›i kiá»ƒu: cÅ©ng gá»i lÃ  phÃª Ä‘áº¥y ğŸ˜†ğŸ˜†,neutral
"Náº¿u buá»“n, hÃ£y tá»± order cho mÃ¬nh má»™t ly trÃ  sá»¯a. 40% háº¡nh phÃºc vÃ  60% vui váº».",positive
"Máº¥y con cÃ¡:
- Máº§y tháº¥y gÃ¬ á»Ÿ trÃªn ko.. tá»• tiÃªn mÃ¬nh vá» Ä‘Ãºng ko..ğŸ§",neutral
Máº¥y con cÃ¡ dÆ°á»›i nÆ°á»›c â˜ºï¸,neutral
Máº¥y con cÃ¡ kiá»ƒu :))),neutral
Kim Yáº¿nkhuc Ä‘Ã¢u tÆ°á»Ÿng ku tk Duong dezi to,toxic
Bá»•ng nhiÃªn cÃ³ Ä‘á»©a bÃ© cháº¡y láº¡i Ä‘Ã²i chÆ¡i kÃ©â˜ ï¸,neutral
máº¥y con cÃ¡ á»Ÿ dÆ°á»›i kiá»ƒu =))),neutral
Máº¥y cáº­u tuá»•i gi,negative
Diem MyyÃi NguyÃªn  khÃºc Ä‘áº§u Ä‘áº¹p kinh khá»§ng ğŸ¤¡,negative
Con bÃ©o cháº¯c cháº¯n lÃ  con cÃ¡i,neutral
"Video nhÆ° Lá»“nâ€â€â€â€â€â€â€â€â€â€â€â€â€â€â€â€â€â€â€â€â€â€â€â€â€â€â€â€â€â€â€â€â€â€â€â€â€â€â€â€â€â€â€â€â€â€â€â€â€â€â€â€â€â€â€â€â€â€â€â€â€â€â€â€â€â€â€â€â€â€â€â€â€â€â€â€â€â€â€â€â€â€â€â€â€â€â€â€â€â€â€â€â€â€â€â€â€â€â€â€â€â€â€â€â€â€â€â€â€â€â€â€â€â€â€â€â€â€â€â€â€â€â€â€â€â€â€â€â€â€â€â€â€â€â€â€â€â€â€â€â€â€â€â€â€â€â€â€â€â€â€â€â€â€â€â€â€â€â€â€â€â€â€â€â€â€â€â€â€â€â€â€â€â€â€â€â€â€â€â€â€â€â€â€â€â€â€â€â€â€â€â€â€â€â€â€â€â€â€â€â€â€â€â€â€â€â€â€â€â€â€â€â€â€â€â€â€â€â€â€â€â€â€â€â€â€â€â€â€â€â€â€â€â€â€â€â€â€â€â€â€â€â€â€â€â€â€â€â€â€â€â€â€â€â€â€â€â€â€â€â€â€â€â€â€â€â€â€â€â€â€â€â€â€â€â€â€â€â€â€â€â€â€â€â€â€â€â€â€â€â€â€â€â€â€â€â€â€â€â€â€â€â€â€â€â€â€â€â€â€â€â€â€â€â€â€â€â€â€â€â€â€â€â€â€â€â€â€â€â€â€â€â€â€â€â€â€â€â€â€â€â€â€â€â€â€â€â€â€â€â€â€â€â€â€â€â€â€â€â€â€â€â€â€â€â€â€â€â€â€â€â€â€â€â€â€â€â€â€â€â€â€â€â€â€â€â€â€â€â€â€â€â€â€â€â€â€â€â€â€â€â€â€â€â€â€â€â€â€â€â€â€â€â€â€â€â€â€â€â€â€â€â€â€â€â€â€â€â€â€â€â€â€â€â€â€â€â€â€â€â€â€â€â€â€â€â€â€â€â€â€â€â€â€â€â€â€â€â€â€â€â€â€â€â€â€â€â€â€â€â€â€â€â€â€â€â€â€â€â€â€â€â€â€â€â€â€â€â€â€â€â€â€â€â€â€â€â€â€â€â€â€â€â€â€â€â€â€â€â€â€â€â€â€â€â€â€â€â€â€â€â€â€â€â€â€â€â€â€â€â€â€â€â€â€â€â€â€â€â€â€â€â€â€â€â€â€â€â€â€â€â€â€â€â€â€â€â€â€â€â€â€â€â€â€â€â€â€â€â€â€â€â€â€â€â€â€â€â€â€â€â€â€â€â€â€â€â€â€â€â€â€â€â€â€â€â€â€â€â€â€â€â€â€â€â€â€â€â€â€â€â€â€â€â€â€â€â€â€â€â€â€â€â€â€â€â€â€â€â€â€â€â€â€â€â€â€â€â€â€â€â€â€â€â€â€â€â€â€â€â€â€â€â€â€â€â€â€â€â€â€â€â€â€â€â€â€â€â€â€â€â€â€â€â€â€â€â€â€â€â€â€â€â€â€â€â€â€â€â€â€â€â€â€â€â€â€â€â€â€â€â€â€â€â€â€â€â€â€â€â€â€â€â€â€â€â€â€â€â€â€â€â€â€â€â€â€â€â€â€â€â€â€â€â€â€â€â€â€â€â€â€â€â€â€â€â€â€â€â€â€â€â€â€â€â€â€â€â€â€â€â€â€â€â€â€â€â€â€â€â€â€â€â€â€â€â€â€â€â€â€â€â€â€â€â€â€â€â€â€â€â€â€â€â€â€â€â€â€â€â€â€â€â€â€â€â€â€â€â€â€â€â€â€â€â€â€g Ä‘Ã¨n sÃ¡ng chÃ³i , Ã´i tháº­t lung linh, tuyá»‡t vá»i!!! Hay! Quáº£ tháº­t lÃ  má»™t video vÃ´ cÃ¹ng cáº£m Ä‘á»™ng, vÃ´ cÃ¹ng Ã½ nghÄ©a, Ä‘Ã£ lÃ¢u láº¯m rá»“i tÃ´i chÆ°a Ä‘Æ°á»£c tháº¥y má»™t status mang Ä‘áº­m tÃ­nh nhÃ¢n vÄƒn nhÆ° tháº¿ nÃ y. Xin chÃ¢n thÃ nh cáº£m Æ¡n vÃ¬ Ä‘Ã£ cho tÃ´i Ä‘Æ°á»£c tháº¥y, Ä‘Æ°á»£c video nÃ y, cáº£m Æ¡n Mark Zuckerberg, ngÆ°á»i Ä‘á»“ng sÃ¡ng láº­p ra Facebook, cáº£m Æ¡n cha máº¹, Ã´ng bÃ  tá»• tiÃªn cá»§a Ã´ng vÃ  cáº£ nÆ°á»›c MÄ© vÃ¬ Ä‘Ã£ sinh ra vÃ  Ä‘Ã o táº¡o ra má»™t con ngÆ°á»i xuáº¥t sáº¯c nhÆ° tháº¿ nÃ y. Äá»ƒ tÃ´i Ä‘Æ°á»£c tháº¥y video nÃ y cÅ©ng pháº£i gá»­i lá»i cáº£m Æ¡n Ä‘áº¿n Bill Gates, ngÆ°á»i Ä‘á»“ng sÃ¡ng láº­p ra Microsoft Windows XP, cáº£m Æ¡n cha máº¹ Ã´ng cÅ©ng nhÆ° ngÆ°á»i vá»£ yÃªu quÃ½ cá»§a Ã´ng, cáº£m Æ¡n Donald Trump, vá»‹ tá»•ng thá»‘ng nÆ°á»›c Má»¹, cáº£m Æ¡n nhÃ  nÆ°á»›c LiÃªn XÃ´ cÅ© Ä‘Ã£ giÃºp Viá»‡t Nam xÃ¢y dá»±ng thÃ nh cÃ´ng Ä‘áº­p thá»§y Ä‘iá»‡n HÃ²a BÃ¬nh vÃ  mang Ä‘iá»‡n Ä‘áº¿n cho chÃºng tÃ´i tháº¯p sÃ¡ng, náº¥u cÆ¡m cÅ©ng nhÆ° sáº¡c Ä‘iá»‡n thoáº¡i Ä‘á»ƒ cháº¡y á»©ng dá»¥ng Facebook Ä‘á»ƒ xem video nÃ y, cáº£m Æ¡n cha máº¹ Ä‘Ã£ sinh ra tÃ´i, nuÃ´i dÆ°á»¡ng tÃ´i, cho tÃ´i Ä‘Æ°á»£c Ä‘áº¿n trÆ°á»ng, cáº£m Æ¡n cÃ¡c báº­c tháº§y cÃ´ giÃ¡o Ä‘Ã£ dáº¡y tÃ´i biáº¿t chá»¯, viáº¿t vÄƒn lÃ m toÃ¡n, dáº¡y tÃ´i nÃªn ngÆ°á»i nhÆ° ngÃ y hÃ´m nay, cáº£m Æ¡n thÆ°á»£ng Ä‘áº¿ Ä‘Ã£ ban cho tÃ´i má»™t Ä‘Ã´i máº¯t sÃ¡ng Ä‘á»ƒ tÃ´i cÃ³ thá»ƒ nhÃ¬n xem video nÃ y, cáº£m Æ¡n Ä‘áº¿n Moáº¯c Xoen Ä‘Ã£ nghiÃªn cá»©u vÃ  tÃ¬m ra sÃ³ng Ä‘iá»‡n tá»«, vÃ  vá»›i bÆ°á»›c sÃ³ng ngáº¯n cÃ³ bÆ°á»›c sÃ³ng lam Ä‘a tá»« 10m - 100m, táº§n sá»‘ tá»« 100Hz Ä‘Ã£ mang dá»¯ liá»‡u cho video Ä‘Æ°á»£c truyá»n Ä‘i xa hÆ¡n. Cáº£m Æ¡n vá»¥ ná»• BigBang Ä‘Ã£ táº¡o ra TrÃ¡i Äáº¥t, cáº£m Æ¡n máº¹ thiÃªn nhiÃªn Ä‘Ã£ ban cho TrÃ¡i Äáº¥t khung cáº£nh nÃ y, cáº£m Æ¡n táº¥t cáº£ nhá»¯ng loÃ i cÃ¢y trÃªn TrÃ¡i Äáº¥t Ä‘Ã£ quang há»£p lá»c khÃ´ng khÃ­ Ä‘á»ƒ con ngÆ°á»i cÃ³ thá»ƒ hÃ­t thá»Ÿ vÃ  sá»‘ng Ä‘Æ°á»£c nhÆ° ngÃ y hÃ´m nay, cáº£m Æ¡n Máº·t Trá»i Ä‘Ã£ soi sÃ¡ng TrÃ¡i Äáº¥t, giÃºp cÃ¢y cá»‘i quang há»£p vÃ  giÃºp nÆ°á»›c bá»‘c hÆ¡i táº¡o thÃ nh má»™t chu kÃ¬ thá»i tiáº¿t nhÆ° ngÃ y hÃ´m nay, cáº£m Æ¡n TrÃ¡i Äáº¥t Ä‘Ã£ ráº¡o ra trá»ng lá»±c giÃºp tÃ´i cÃ³ thá»ƒ ngá»“i yÃªn mÃ  xem video nÃ y. Cáº£m Æ¡n Ã´ng cha ta Ä‘Ã£ anh dÅ©ng hi sinh Ä‘á»ƒ mang láº¡i chiáº¿n tháº¯ng váº½ vang, cáº£m Æ¡n BÃ¡c Há»“ vÄ© Ä‘áº¡i cá»§a chÃºng ta, cáº£m Æ¡n Äáº£ng, cáº£m Æ¡n nhÃ  nÆ°á»›c, cáº£m Æ¡n cÃ¡c tá»• chá»©c vÃ  cÃ¡c cÆ¡ quan ban ngÃ nh Ä‘oÃ n thá»ƒ, cáº£m Æ¡n cÃ¡c cáº¥p lÃ£nh Ä‘áº¡o Ä‘Ã£ lÃ¨o lÃ¡i con thuyá»n xÃ£ há»™i chá»§ nghÄ©a.Cáº£m Æ¡n Ä‘áº¡i tÆ°á»›ng VÃµ NguyÃªn GiÃ¡p, vá»‹ Ä‘áº¡i tÆ°á»›ng Ä‘áº§u tiÃªn cá»§a Viá»‡t Nam. Cáº£m Æ¡n Ná»¯ Oa nÆ°Æ¡ng nÆ°Æ¡ng, quan Ã¢m Bá»“ TÃ¡t vÃ  Pháº­t Tá»• NhÆ° Lai Ä‘Ã£ cá»©u khá»• chÃºng sinh. Video nÃ y tháº­t Ã½ nghÄ©a, lÃ m sao Ä‘á»ƒ tÃ´i cáº£m Æ¡n háº¿t Ä‘Æ°á»£c Ä‘Ã¢y, cáº£m Æ¡n nhá»¯ng láº­p trÃ¬nh viÃªn vÃ  nhÃ  phÃ¡t triá»ƒn Ä‘Ã£ táº¡o ra Laban Key giÃºp tÃ´i cÃ³ thá»ƒ gÃµ comment nÃ y Ä‘á»ƒ cáº£m Æ¡n má»i ngÆ°á»i, cáº£m Æ¡n nhá»¯ng báº¡n ráº£nh hÃ¡ng Ä‘Ã£ bá» thá»i gian quÃ½ bÃ¡u cá»§a mÃ¬nh ra Ä‘á»ƒ Ä‘á»c cÃ¡i comment vá»› váº©n, dÃ i hÆ¡n Váº¡n LÃ½ TrÆ°á»ng ThÃ nh nÃ y. Cáº£m Æ¡n chá»§ tus Ä‘Ã£ Ä‘Äƒng cÃ¡i status mang Ä‘áº§y Ã½ nghÄ©a vÃ  Ä‘áº­m tÃ­nh nhÃ¢n vÄƒn nÃ y. Xin cáº£m Æ¡n táº¥t cáº£ mn vÃ  1 láº§n ná»¯a cáº£m Æ¡n vÃ¬ Ä‘á»c nÃ³ :))",positive
Con cÃ¡,neutral
máº¥y con cÃ¡ trong há»“,neutral
NguyÃªn LÃª cháº¯c mÃ y Ã  con chos,neutral
XoÃ ii Nonn mua ik e thá»•i khÃ³i vÃ´ kk,toxic
TAO ÄÃ“ ğŸ§ğŸ‘€,neutral
"Ä‘m,cÃ³c nÃ³ cÅ©g biáº¿t dá»—i cÆ¡ mÃ .vÃ£i lá»u.",toxic
KhÃºc Ä‘Ã n báº±ng lÆ°á»¡i hÃ£y Ä‘á»ƒ Ã½ nÃ³ khÃ´ng báº¥m há»£p Ã¢m mÃ  chá»‰ gÃ£y Ä‘Ãºng 1 dÃ¢y mÃ  Ä‘á»§ ná»‘t ğŸ¤¡ğŸ˜ˆğŸŒš,neutral
Máº¥y con cÃ¡ ğŸ˜µâ€ğŸ’«,neutral
Ã Ä‘Ã¹ VÃP VL,toxic
"Video nhÆ° Lá»“nâ€â€â€â€â€â€â€â€â€â€â€â€â€â€â€â€â€â€â€â€â€â€â€â€â€â€â€â€â€â€â€â€â€â€â€â€â€â€â€â€â€â€â€â€â€â€â€â€â€â€â€â€â€â€â€â€â€â€â€â€â€â€â€â€â€â€â€â€â€â€â€â€â€â€â€â€â€â€â€â€â€â€â€â€â€â€â€â€â€â€â€â€â€â€â€â€â€â€â€â€â€â€â€â€â€â€â€â€â€â€â€â€â€â€â€â€â€â€â€â€â€â€â€â€â€â€â€â€â€â€â€â€â€â€â€â€â€â€â€â€â€â€â€â€â€â€â€â€â€â€â€â€â€â€â€â€â€â€â€â€â€â€â€â€â€â€â€â€â€â€â€â€â€â€â€â€â€â€â€â€â€â€â€â€â€â€â€â€â€â€â€â€â€â€â€â€â€â€â€â€â€â€â€â€â€â€â€â€â€â€â€â€â€â€â€â€â€â€â€â€â€â€â€â€â€â€â€â€â€â€â€â€â€â€â€â€â€â€â€â€â€â€â€â€â€â€â€â€â€â€â€â€â€â€â€â€â€â€â€â€â€â€â€â€â€â€â€â€â€â€â€â€â€â€â€â€â€â€â€â€â€â€â€â€â€â€â€â€â€â€â€â€â€â€â€â€â€â€â€â€â€â€â€â€â€â€â€â€â€â€â€â€â€â€â€â€â€â€â€â€â€â€â€â€â€â€â€â€â€â€â€â€â€â€â€â€â€â€â€â€â€â€â€â€â€â€â€â€â€â€â€â€â€â€â€â€â€â€â€â€â€â€â€â€â€â€â€â€â€â€â€â€â€â€â€â€â€â€â€â€â€â€â€â€â€â€â€â€â€â€â€â€â€â€â€â€â€â€â€â€â€â€â€â€â€â€â€â€â€â€â€â€â€â€â€â€â€â€â€â€â€â€â€â€â€â€â€â€â€â€â€â€â€â€â€â€â€â€â€â€â€â€â€â€â€â€â€â€â€â€â€â€â€â€â€â€â€â€â€â€â€â€â€â€â€â€â€â€â€â€â€â€â€â€â€â€â€â€â€â€â€â€â€â€â€â€â€â€â€â€â€â€â€â€â€â€â€â€â€â€â€â€â€â€â€â€â€â€â€â€â€â€â€â€â€â€â€â€â€â€â€â€â€â€â€â€â€â€â€â€â€â€â€â€â€â€â€â€â€â€â€â€â€â€â€â€â€â€â€â€â€â€â€â€â€â€â€â€â€â€â€â€â€â€â€â€â€â€â€â€â€â€â€â€â€â€â€â€â€â€â€â€â€â€â€â€â€â€â€â€â€â€â€â€â€â€â€â€â€â€â€â€â€â€â€â€â€â€â€â€â€â€â€â€â€â€â€â€â€â€â€â€â€â€â€â€â€â€â€â€â€â€â€â€â€â€â€â€â€â€â€â€â€â€â€â€â€â€â€â€â€â€â€â€â€â€â€â€â€â€â€â€â€â€â€â€â€â€â€â€â€â€â€â€â€â€â€â€â€â€â€â€â€â€â€â€â€â€â€â€â€â€â€â€â€â€â€â€â€â€â€â€â€â€â€â€â€â€â€â€â€â€â€â€â€â€â€â€â€â€â€â€â€â€â€â€â€â€â€â€â€â€â€â€â€â€â€â€â€â€â€â€â€â€â€â€â€â€â€â€â€â€â€â€â€â€â€â€â€â€â€â€â€â€â€â€â€â€â€â€â€â€â€â€â€â€â€â€â€â€â€â€â€â€â€â€â€â€â€â€â€â€â€â€â€â€â€â€â€â€â€â€â€â€â€â€â€â€â€â€â€â€â€â€â€â€â€g Ä‘Ã¨n sÃ¡ng chÃ³i , Ã´i tháº­t lung linh, tuyá»‡t vá»i!!! Hay! Quáº£ tháº­t lÃ  má»™t video vÃ´ cÃ¹ng cáº£m Ä‘á»™ng, vÃ´ cÃ¹ng Ã½ nghÄ©a, Ä‘Ã£ lÃ¢u láº¯m rá»“i tÃ´i chÆ°a Ä‘Æ°á»£c tháº¥y má»™t status mang Ä‘áº­m tÃ­nh nhÃ¢n vÄƒn nhÆ° tháº¿ nÃ y. Xin chÃ¢n thÃ nh cáº£m Æ¡n vÃ¬ Ä‘Ã£ cho tÃ´i Ä‘Æ°á»£c tháº¥y, Ä‘Æ°á»£c video nÃ y, cáº£m Æ¡n Mark Zuckerberg, ngÆ°á»i Ä‘á»“ng sÃ¡ng láº­p ra Facebook, cáº£m Æ¡n cha máº¹, Ã´ng bÃ  tá»• tiÃªn cá»§a Ã´ng vÃ  cáº£ nÆ°á»›c MÄ© vÃ¬ Ä‘Ã£ sinh ra vÃ  Ä‘Ã o táº¡o ra má»™t con ngÆ°á»i xuáº¥t sáº¯c nhÆ° tháº¿ nÃ y. Äá»ƒ tÃ´i Ä‘Æ°á»£c tháº¥y video nÃ y cÅ©ng pháº£i gá»­i lá»i cáº£m Æ¡n Ä‘áº¿n Bill Gates, ngÆ°á»i Ä‘á»“ng sÃ¡ng láº­p ra Microsoft Windows XP, cáº£m Æ¡n cha máº¹ Ã´ng cÅ©ng nhÆ° ngÆ°á»i vá»£ yÃªu quÃ½ cá»§a Ã´ng, cáº£m Æ¡n Donald Trump, vá»‹ tá»•ng thá»‘ng nÆ°á»›c Má»¹, cáº£m Æ¡n nhÃ  nÆ°á»›c LiÃªn XÃ´ cÅ© Ä‘Ã£ giÃºp Viá»‡t Nam xÃ¢y dá»±ng thÃ nh cÃ´ng Ä‘áº­p thá»§y Ä‘iá»‡n HÃ²a BÃ¬nh vÃ  mang Ä‘iá»‡n Ä‘áº¿n cho chÃºng tÃ´i tháº¯p sÃ¡ng, náº¥u cÆ¡m cÅ©ng nhÆ° sáº¡c Ä‘iá»‡n thoáº¡i Ä‘á»ƒ cháº¡y á»©ng dá»¥ng Facebook Ä‘á»ƒ xem video nÃ y, cáº£m Æ¡n cha máº¹ Ä‘Ã£ sinh ra tÃ´i, nuÃ´i dÆ°á»¡ng tÃ´i, cho tÃ´i Ä‘Æ°á»£c Ä‘áº¿n trÆ°á»ng, cáº£m Æ¡n cÃ¡c báº­c tháº§y cÃ´ giÃ¡o Ä‘Ã£ dáº¡y tÃ´i biáº¿t chá»¯, viáº¿t vÄƒn lÃ m toÃ¡n, dáº¡y tÃ´i nÃªn ngÆ°á»i nhÆ° ngÃ y hÃ´m nay, cáº£m Æ¡n thÆ°á»£ng Ä‘áº¿ Ä‘Ã£ ban cho tÃ´i má»™t Ä‘Ã´i máº¯t sÃ¡ng Ä‘á»ƒ tÃ´i cÃ³ thá»ƒ nhÃ¬n xem video nÃ y, cáº£m Æ¡n Ä‘áº¿n Moáº¯c Xoen Ä‘Ã£ nghiÃªn cá»©u vÃ  tÃ¬m ra sÃ³ng Ä‘iá»‡n tá»«, vÃ  vá»›i bÆ°á»›c sÃ³ng ngáº¯n cÃ³ bÆ°á»›c sÃ³ng lam Ä‘a tá»« 10m - 100m, táº§n sá»‘ tá»« 100Hz Ä‘Ã£ mang dá»¯ liá»‡u cho video Ä‘Æ°á»£c truyá»n Ä‘i xa hÆ¡n. Cáº£m Æ¡n vá»¥ ná»• BigBang Ä‘Ã£ táº¡o ra TrÃ¡i Äáº¥t, cáº£m Æ¡n máº¹ thiÃªn nhiÃªn Ä‘Ã£ ban cho TrÃ¡i Äáº¥t khung cáº£nh nÃ y, cáº£m Æ¡n táº¥t cáº£ nhá»¯ng loÃ i cÃ¢y trÃªn TrÃ¡i Äáº¥t Ä‘Ã£ quang há»£p lá»c khÃ´ng khÃ­ Ä‘á»ƒ con ngÆ°á»i cÃ³ thá»ƒ hÃ­t thá»Ÿ vÃ  sá»‘ng Ä‘Æ°á»£c nhÆ° ngÃ y hÃ´m nay, cáº£m Æ¡n Máº·t Trá»i Ä‘Ã£ soi sÃ¡ng TrÃ¡i Äáº¥t, giÃºp cÃ¢y cá»‘i quang há»£p vÃ  giÃºp nÆ°á»›c bá»‘c hÆ¡i táº¡o thÃ nh má»™t chu kÃ¬ thá»i tiáº¿t nhÆ° ngÃ y hÃ´m nay, cáº£m Æ¡n TrÃ¡i Äáº¥t Ä‘Ã£ ráº¡o ra trá»ng lá»±c giÃºp tÃ´i cÃ³ thá»ƒ ngá»“i yÃªn mÃ  xem video nÃ y. Cáº£m Æ¡n Ã´ng cha ta Ä‘Ã£ anh dÅ©ng hi sinh Ä‘á»ƒ mang láº¡i chiáº¿n tháº¯ng váº½ vang, cáº£m Æ¡n BÃ¡c Há»“ vÄ© Ä‘áº¡i cá»§a chÃºng ta, cáº£m Æ¡n Äáº£ng, cáº£m Æ¡n nhÃ  nÆ°á»›c, cáº£m Æ¡n cÃ¡c tá»• chá»©c vÃ  cÃ¡c cÆ¡ quan ban ngÃ nh Ä‘oÃ n thá»ƒ, cáº£m Æ¡n cÃ¡c cáº¥p lÃ£nh Ä‘áº¡o Ä‘Ã£ lÃ¨o lÃ¡i con thuyá»n xÃ£ há»™i chá»§ nghÄ©a.Cáº£m Æ¡n Ä‘áº¡i tÆ°á»›ng VÃµ NguyÃªn GiÃ¡p, vá»‹ Ä‘áº¡i tÆ°á»›ng Ä‘áº§u tiÃªn cá»§a Viá»‡t Nam. Cáº£m Æ¡n Ná»¯ Oa nÆ°Æ¡ng nÆ°Æ¡ng, quan Ã¢m Bá»“ TÃ¡t vÃ  Pháº­t Tá»• NhÆ° Lai Ä‘Ã£ cá»©u khá»• chÃºng sinh. Video nÃ y tháº­t Ã½ nghÄ©a, lÃ m sao Ä‘á»ƒ tÃ´i cáº£m Æ¡n háº¿t Ä‘Æ°á»£c Ä‘Ã¢y, cáº£m Æ¡n nhá»¯ng láº­p trÃ¬nh viÃªn vÃ  nhÃ  phÃ¡t triá»ƒn Ä‘Ã£ táº¡o ra Laban Key giÃºp tÃ´i cÃ³ thá»ƒ gÃµ comment nÃ y Ä‘á»ƒ cáº£m Æ¡n má»i ngÆ°á»i, cáº£m Æ¡n nhá»¯ng báº¡n ráº£nh hÃ¡ng Ä‘Ã£ bá» thá»i gian quÃ½ bÃ¡u cá»§a mÃ¬nh ra Ä‘á»ƒ Ä‘á»c cÃ¡i comment vá»› váº©n, dÃ i hÆ¡n Váº¡n LÃ½ TrÆ°á»ng ThÃ nh nÃ y. Cáº£m Æ¡n chá»§ tus Ä‘Ã£ Ä‘Äƒng cÃ¡i status mang Ä‘áº§y Ã½ nghÄ©a vÃ  Ä‘áº­m tÃ­nh nhÃ¢n vÄƒn nÃ y. Xin cáº£m Æ¡n táº¥t cáº£ mn vÃ  1 láº§n ná»¯a cáº£m Æ¡n vÃ¬ Ä‘á»c nÃ³ :))",positive
Thá» :)) mÃ¬nh cÅ©ng muá»‘n vÃ o rá»«ng hoáº£ vlin,toxic
Con cÃ¡ belike ğŸ™,neutral
"Äáº¿n con áº¿ch nÃ³ cÃ²n biáº¿t dá»—i,,thÃ¬ Ä‘á»«ng há»i táº¡o sao tao biáº¿t dá»—i nghe máº§y Pun NÃ­ ğŸ¤£ğŸ¤£ğŸ¤£",neutral
Con cÃ¡ dÆ°á»›i nÆ°á»›c:,neutral
Vá» báº£o trÃªn há»“ cÃ³ khÃ³i Ä‘Ã©o ai tinğŸ˜‡,toxic
Hoaa Thanhh Ä‘á»‰nh cao,positive
"Video nhÆ° Lá»“nâ€â€â€â€â€â€â€â€â€â€â€â€â€â€â€â€â€â€â€â€â€â€â€â€â€â€â€â€â€â€â€â€â€â€â€â€â€â€â€â€â€â€â€â€â€â€â€â€â€â€â€â€â€â€â€â€â€â€â€â€â€â€â€â€â€â€â€â€â€â€â€â€â€â€â€â€â€â€â€â€â€â€â€â€â€â€â€â€â€â€â€â€â€â€â€â€â€â€â€â€â€â€â€â€â€â€â€â€â€â€â€â€â€â€â€â€â€â€â€â€â€â€â€â€â€â€â€â€â€â€â€â€â€â€â€â€â€â€â€â€â€â€â€â€â€â€â€â€â€â€â€â€â€â€â€â€â€â€â€â€â€â€â€â€â€â€â€â€â€â€â€â€â€â€â€â€â€â€â€â€â€â€â€â€â€â€â€â€â€â€â€â€â€â€â€â€â€â€â€â€â€â€â€â€â€â€â€â€â€â€â€â€â€â€â€â€â€â€â€â€â€â€â€â€â€â€â€â€â€â€â€â€â€â€â€â€â€â€â€â€â€â€â€â€â€â€â€â€â€â€â€â€â€â€â€â€â€â€â€â€â€â€â€â€â€â€â€â€â€â€â€â€â€â€â€â€â€â€â€â€â€â€â€â€â€â€â€â€â€â€â€â€â€â€â€â€â€â€â€â€â€â€â€â€â€â€â€â€â€â€â€â€â€â€â€â€â€â€â€â€â€â€â€â€â€â€â€â€â€â€â€â€â€â€â€â€â€â€â€â€â€â€â€â€â€â€â€â€â€â€â€â€â€â€â€â€â€â€â€â€â€â€â€â€â€â€â€â€â€â€â€â€â€â€â€â€â€â€â€â€â€â€â€â€â€â€â€â€â€â€â€â€â€â€â€â€â€â€â€â€â€â€â€â€â€â€â€â€â€â€â€â€â€â€â€â€â€â€â€â€â€â€â€â€â€â€â€â€â€â€â€â€â€â€â€â€â€â€â€â€â€â€â€â€â€â€â€â€â€â€â€â€â€â€â€â€â€â€â€â€â€â€â€â€â€â€â€â€â€â€â€â€â€â€â€â€â€â€â€â€â€â€â€â€â€â€â€â€â€â€â€â€â€â€â€â€â€â€â€â€â€â€â€â€â€â€â€â€â€â€â€â€â€â€â€â€â€â€â€â€â€â€â€â€â€â€â€â€â€â€â€â€â€â€â€â€â€â€â€â€â€â€â€â€â€â€â€â€â€â€â€â€â€â€â€â€â€â€â€â€â€â€â€â€â€â€â€â€â€â€â€â€â€â€â€â€â€â€â€â€â€â€â€â€â€â€â€â€â€â€â€â€â€â€â€â€â€â€â€â€â€â€â€â€â€â€â€â€â€â€â€â€â€â€â€â€â€â€â€â€â€â€â€â€â€â€â€â€â€â€â€â€â€â€â€â€â€â€â€â€â€â€â€â€â€â€â€â€â€â€â€â€â€â€â€â€â€â€â€â€â€â€â€â€â€â€â€â€â€â€â€â€â€â€â€â€â€â€â€â€â€â€â€â€â€â€â€â€â€â€â€â€â€â€â€â€â€â€â€â€â€â€â€â€â€â€â€â€â€â€â€â€â€â€â€â€â€â€â€â€â€â€â€â€â€â€â€â€â€â€â€â€â€â€â€â€â€â€â€â€â€â€â€â€â€â€â€â€â€â€â€â€â€â€â€â€â€â€â€â€â€â€â€â€â€â€â€â€â€â€â€â€â€â€â€â€â€â€â€â€â€â€â€â€â€â€â€â€â€â€â€â€â€â€â€â€â€â€â€â€â€â€â€â€â€â€â€â€â€â€â€â€â€â€â€â€â€g Ä‘Ã¨n sÃ¡ng chÃ³i , Ã´i tháº­t lung linh, tuyá»‡t vá»i!!! Hay! Quáº£ tháº­t lÃ  má»™t video vÃ´ cÃ¹ng cáº£m Ä‘á»™ng, vÃ´ cÃ¹ng Ã½ nghÄ©a, Ä‘Ã£ lÃ¢u láº¯m rá»“i tÃ´i chÆ°a Ä‘Æ°á»£c tháº¥y má»™t status mang Ä‘áº­m tÃ­nh nhÃ¢n vÄƒn nhÆ° tháº¿ nÃ y. Xin chÃ¢n thÃ nh cáº£m Æ¡n vÃ¬ Ä‘Ã£ cho tÃ´i Ä‘Æ°á»£c tháº¥y, Ä‘Æ°á»£c video nÃ y, cáº£m Æ¡n Mark Zuckerberg, ngÆ°á»i Ä‘á»“ng sÃ¡ng láº­p ra Facebook, cáº£m Æ¡n cha máº¹, Ã´ng bÃ  tá»• tiÃªn cá»§a Ã´ng vÃ  cáº£ nÆ°á»›c MÄ© vÃ¬ Ä‘Ã£ sinh ra vÃ  Ä‘Ã o táº¡o ra má»™t con ngÆ°á»i xuáº¥t sáº¯c nhÆ° tháº¿ nÃ y. Äá»ƒ tÃ´i Ä‘Æ°á»£c tháº¥y video nÃ y cÅ©ng pháº£i gá»­i lá»i cáº£m Æ¡n Ä‘áº¿n Bill Gates, ngÆ°á»i Ä‘á»“ng sÃ¡ng láº­p ra Microsoft Windows XP, cáº£m Æ¡n cha máº¹ Ã´ng cÅ©ng nhÆ° ngÆ°á»i vá»£ yÃªu quÃ½ cá»§a Ã´ng, cáº£m Æ¡n Donald Trump, vá»‹ tá»•ng thá»‘ng nÆ°á»›c Má»¹, cáº£m Æ¡n nhÃ  nÆ°á»›c LiÃªn XÃ´ cÅ© Ä‘Ã£ giÃºp Viá»‡t Nam xÃ¢y dá»±ng thÃ nh cÃ´ng Ä‘áº­p thá»§y Ä‘iá»‡n HÃ²a BÃ¬nh vÃ  mang Ä‘iá»‡n Ä‘áº¿n cho chÃºng tÃ´i tháº¯p sÃ¡ng, náº¥u cÆ¡m cÅ©ng nhÆ° sáº¡c Ä‘iá»‡n thoáº¡i Ä‘á»ƒ cháº¡y á»©ng dá»¥ng Facebook Ä‘á»ƒ xem video nÃ y, cáº£m Æ¡n cha máº¹ Ä‘Ã£ sinh ra tÃ´i, nuÃ´i dÆ°á»¡ng tÃ´i, cho tÃ´i Ä‘Æ°á»£c Ä‘áº¿n trÆ°á»ng, cáº£m Æ¡n cÃ¡c báº­c tháº§y cÃ´ giÃ¡o Ä‘Ã£ dáº¡y tÃ´i biáº¿t chá»¯, viáº¿t vÄƒn lÃ m toÃ¡n, dáº¡y tÃ´i nÃªn ngÆ°á»i nhÆ° ngÃ y hÃ´m nay, cáº£m Æ¡n thÆ°á»£ng Ä‘áº¿ Ä‘Ã£ ban cho tÃ´i má»™t Ä‘Ã´i máº¯t sÃ¡ng Ä‘á»ƒ tÃ´i cÃ³ thá»ƒ nhÃ¬n xem video nÃ y, cáº£m Æ¡n Ä‘áº¿n Moáº¯c Xoen Ä‘Ã£ nghiÃªn cá»©u vÃ  tÃ¬m ra sÃ³ng Ä‘iá»‡n tá»«, vÃ  vá»›i bÆ°á»›c sÃ³ng ngáº¯n cÃ³ bÆ°á»›c sÃ³ng lam Ä‘a tá»« 10m - 100m, táº§n sá»‘ tá»« 100Hz Ä‘Ã£ mang dá»¯ liá»‡u cho video Ä‘Æ°á»£c truyá»n Ä‘i xa hÆ¡n. Cáº£m Æ¡n vá»¥ ná»• BigBang Ä‘Ã£ táº¡o ra TrÃ¡i Äáº¥t, cáº£m Æ¡n máº¹ thiÃªn nhiÃªn Ä‘Ã£ ban cho TrÃ¡i Äáº¥t khung cáº£nh nÃ y, cáº£m Æ¡n táº¥t cáº£ nhá»¯ng loÃ i cÃ¢y trÃªn TrÃ¡i Äáº¥t Ä‘Ã£ quang há»£p lá»c khÃ´ng khÃ­ Ä‘á»ƒ con ngÆ°á»i cÃ³ thá»ƒ hÃ­t thá»Ÿ vÃ  sá»‘ng Ä‘Æ°á»£c nhÆ° ngÃ y hÃ´m nay, cáº£m Æ¡n Máº·t Trá»i Ä‘Ã£ soi sÃ¡ng TrÃ¡i Äáº¥t, giÃºp cÃ¢y cá»‘i quang há»£p vÃ  giÃºp nÆ°á»›c bá»‘c hÆ¡i táº¡o thÃ nh má»™t chu kÃ¬ thá»i tiáº¿t nhÆ° ngÃ y hÃ´m nay, cáº£m Æ¡n TrÃ¡i Äáº¥t Ä‘Ã£ ráº¡o ra trá»ng lá»±c giÃºp tÃ´i cÃ³ thá»ƒ ngá»“i yÃªn mÃ  xem video nÃ y. Cáº£m Æ¡n Ã´ng cha ta Ä‘Ã£ anh dÅ©ng hi sinh Ä‘á»ƒ mang láº¡i chiáº¿n tháº¯ng váº½ vang, cáº£m Æ¡n BÃ¡c Há»“ vÄ© Ä‘áº¡i cá»§a chÃºng ta, cáº£m Æ¡n Äáº£ng, cáº£m Æ¡n nhÃ  nÆ°á»›c, cáº£m Æ¡n cÃ¡c tá»• chá»©c vÃ  cÃ¡c cÆ¡ quan ban ngÃ nh Ä‘oÃ n thá»ƒ, cáº£m Æ¡n cÃ¡c cáº¥p lÃ£nh Ä‘áº¡o Ä‘Ã£ lÃ¨o lÃ¡i con thuyá»n xÃ£ há»™i chá»§ nghÄ©a.Cáº£m Æ¡n Ä‘áº¡i tÆ°á»›ng VÃµ NguyÃªn GiÃ¡p, vá»‹ Ä‘áº¡i tÆ°á»›ng Ä‘áº§u tiÃªn cá»§a Viá»‡t Nam. Cáº£m Æ¡n Ná»¯ Oa nÆ°Æ¡ng nÆ°Æ¡ng, quan Ã¢m Bá»“ TÃ¡t vÃ  Pháº­t Tá»• NhÆ° Lai Ä‘Ã£ cá»©u khá»• chÃºng sinh. Video nÃ y tháº­t Ã½ nghÄ©a, lÃ m sao Ä‘á»ƒ tÃ´i cáº£m Æ¡n háº¿t Ä‘Æ°á»£c Ä‘Ã¢y, cáº£m Æ¡n nhá»¯ng láº­p trÃ¬nh viÃªn vÃ  nhÃ  phÃ¡t triá»ƒn Ä‘Ã£ táº¡o ra Laban Key giÃºp tÃ´i cÃ³ thá»ƒ gÃµ comment nÃ y Ä‘á»ƒ cáº£m Æ¡n má»i ngÆ°á»i, cáº£m Æ¡n nhá»¯ng báº¡n ráº£nh hÃ¡ng Ä‘Ã£ bá» thá»i gian quÃ½ bÃ¡u cá»§a mÃ¬nh ra Ä‘á»ƒ Ä‘á»c cÃ¡i comment vá»› váº©n, dÃ i hÆ¡n Váº¡n LÃ½ TrÆ°á»ng ThÃ nh nÃ y. Cáº£m Æ¡n chá»§ tus Ä‘Ã£ Ä‘Äƒng cÃ¡i status mang Ä‘áº§y Ã½ nghÄ©a vÃ  Ä‘áº­m tÃ­nh nhÃ¢n vÄƒn nÃ y. Xin cáº£m Æ¡n táº¥t cáº£ mn vÃ  1 láº§n ná»¯a cáº£m Æ¡n vÃ¬ Ä‘á»c nÃ³ :))",positive
"Xá»i, tao chÆ¡i tá»« xÆ°a rá»“i",neutral
"Phá»•iğŸ’€
Máº¥y con cÃ¡ğŸ’€",neutral
Máº¥y con cÃ¡ cháº¯c k cÃ²n con nÃ o sá»‘ng,neutral
"Dm =)) hÃºt toÃ n mÃ u, xong nÃ³ vÃ o phá»•i r ung thÆ° con máº¹ háº¿t cáº£ nhau vape cÃ¡i cc =)))",toxic
Äáº¹p vcl Tráº§n Ngá»c,toxic
Máº¥y con cÃ¡ kiá»ƒu:,neutral
Há»“i phá»•i cÃ²n dÃ¹ng Ä‘c t cÅ©ng hay lÃ m nhÆ° nÃ y,positive
mÃ u xanh :)) lÃ  cÃ¡i mÃ u t Ã©o thÃ­ch chÃºt nÃ o :)) vÃ¬ nÃ³ liÃªn tÆ°á»Ÿng khi t táº¡ch gacha :))),neutral
Máº¥y con cÃ¡ á»Ÿ dÆ°á»›i,neutral
"T cÃ³ tháº±ng báº¡n ngÆ°á»i ChÄƒm, nÃ³ lÃªn sg thuÃª trá» á»Ÿ tÃ¢n phÃº, trá» cÃ²n 1 phÃ²ng duy nháº¥t thÃ´i, lÃºc Ä‘áº§u nÃ³ Ä‘Ã²i thuÃª cÃ¡i phÃ²ng nÃ y mÃ  Ã´ng chá»§ trá» ko Ä‘á»“ng Ã½ nÃªn nÃ³ má»›i nÃ³i chÃº cho chÃ¡u á»Ÿ nhá» 1 Ä‘Ãªm rá»“i mai chÃ¡u kiáº¿m trá» má»›i. á»”ng tháº¥y thÆ°Æ¡ng nÃªn cÅ©ng cho. SÃ¡ng hÃ´m sau á»•ng há»i m ngá»§ cÃ³ tháº¥y gÃ¬ l...Xem thÃªm",neutral
Tao tháº¥y nÃ³ hÃºt lÃªn hÆ¡i bá»‹ Ã­t luÃ´n Ã¡,neutral
Anh Quynh nghá»‡ vl,toxic
Hoc Nguyen  máº¥y con cÃ¡ dÆ°á»›i há»“ Ä‘c bá»¯a phÃª Ä‘iÃªn,neutral
Máº¥y con cÃ¡ á»Ÿ há»“ sau khi xem Ä‘c vid nÃ y:,neutral
Quáº¥t liá»n má»›i Ä‘Æ°á»£c ğŸ¤£,neutral
Máº¥y con con cÃ¡ bÃªn dÆ°á»›i,neutral
Sao Ä‘á»•i mÃ u Ä‘c hay v,positive
Ngháº¹o thÃ¬ cÅ©ng cÃ³ cÃ¡i hay cá»§a ngháº¹o ğŸ¤¡,positive
Máº¥y cÃ¡i nÃ y lm t nhá»› Ä‘áº¿n line 98 cá»±c hay :))),positive
Doann Khanhh Ngocc,toxic
Tuyá»‡t vá»i ğŸ‘,positive
Máº¥y con cÃ¡ láº¡i lao vÃ o cuá»™c Ä‘á»i nghiá»‡n ngáº­p r,neutral
M nt tao chá»© tao nt m Ä‘Ã¢u,neutral
Máº¥y con cÃ¡ tÆ°á»Ÿng láº¡c vÃ o bá»“ng lai tiÃªn cáº£nh,neutral
máº¥y con cÃ¡ á»Ÿ dÆ°á»›i Ä‘ang tháº¯c máº¯c vÃ¬ sao hÃ´m nay báº§u trá»i cÃ³ mÃ u láº¡,neutral
"CÃ¡i nÃ y Ä‘em vá» quÃª tao lÃ m, máº¥y cÃ´ hÃ ng xÃ³m tao tháº¥y lÃ  ra láº¡y khÃ­ tháº¿",neutral
máº¥y con cÃ¡ á»Ÿ bÃªn dÆ°á»›i:,neutral
Sao cÃ³ khÃ³i mÃ u hay v ta,positive
Khá»• thÄƒng edit,negative
máº¥y con cÃ¡ =)))),neutral
Máº¥y con cÃ¡ dÆ°á»›i ho gáº§n cháº¿t,neutral
